Nome,Squadra,Pv,Mv,Fm,Gf,Gs,Rp,Rc,R+,R-,Ass,Amm,Esp,Au
Meret,Napoli,34,6.32,5.71,0,25,2,0,0,0,0,0,0,1
Svilar,Roma,38,6.32,5.38,0,35,0,0,0,0,0,1,0,0
Milinkovic-Savic V.,Torino,37,6.3,5.45,0,42,4,0,0,0,0,3,0,0
De Gea,Fiorentina,35,6.34,5.41,0,38,2,0,0,0,0,1,0,0
Carnesecchi,Atalanta,34,6.34,5.32,0,34,0,0,0,0,0,1,0,0
Sommer,Inter,33,6.18,5.3,0,32,1,0,0,0,0,0,0,0
Di Gregorio,Juventus,33,6.15,5.18,0,32,0,0,0,0,0,0,0,0
Maignan,Milan,37,6.18,5.14,0,41,1,0,0,0,0,1,0,0
Caprile,Cagliari,22,6.2,5.16,0,23,0,0,0,0,0,0,0,0
Skorupski,Bologna,27,6.17,5.04,0,33,1,0,0,0,0,1,0,0
Leali,Genoa,29,6.16,5.1,0,31,1,0,0,0,0,1,0,1
Mandas,Lazio,9,6.28,5.5,0,7,0,0,0,0,0,0,0,0
Falcone,Lecce,38,6.26,4.79,0,58,1,0,0,0,0,2,0,0
Suzuki,Parma,37,6.22,4.76,0,53,0,0,0,0,0,0,1,0
Vasquez D.,Empoli,32,6.02,4.67,0,45,1,0,0,0,0,2,0,0
Turati,Monza,30,6.3,4.75,0,52,2,0,0,0,0,1,0,0
Butez,Como,18,6.22,5.22,0,18,0,0,0,0,0,0,0,0
Martinez Jo.,Inter,5,6.3,5.7,0,3,0,0,0,0,0,0,0,0
Okoye,Udinese,25,6.1,4.4,0,40,0,0,0,0,0,1,0,1
Montipo',Verona,36,6.19,4.44,0,64,1,0,0,0,0,0,0,1
Stankovic F.,Venezia,15,6.6,5.23,0,23,1,0,0,0,0,1,0,0
Radu I.,Venezia,15,6.47,5.23,0,18,0,0,0,0,0,1,0,0
Provedel,Lazio,29,5.98,4.53,0,42,0,0,0,0,0,0,0,0
Ravaglia F.,Bologna,12,6,4.83,0,14,0,0,0,0,0,0,0,0
Musso,Atalanta,1,6,6,0,0,0,0,0,0,0,0,0,0
Sava,Udinese,12,6.04,4.67,0,16,0,0,0,0,0,1,0,0
Reina,Como,12,5.75,4.5,0,14,0,0,0,0,0,0,1,0
Sommariva,Genoa,1,7,6,0,1,0,0,0,0,0,0,0,0
Audero,Como,8,6,3.75,0,18,0,0,0,0,0,0,0,0
Terracciano,Fiorentina,3,6.17,5.17,0,3,0,0,0,0,0,0,0,0
Perin,Juventus,5,6.1,5.5,0,3,0,0,0,0,0,0,0,0
Sportiello,Milan,2,6,5,0,2,0,0,0,0,0,0,0,0
Joronen,Venezia,8,5.5,3.38,0,15,0,0,0,0,0,0,0,1
Perilli,Verona,2,6,5,0,2,0,0,0,0,0,0,0,0
Pizzignacco,Monza,9,6.06,3.94,0,17,0,0,0,0,0,0,0,1
Siegrist,Genoa,2,6.5,5.5,0,2,0,0,0,0,0,0,0,0
Rossi F.,Atalanta,0,0,0,0,0,0,0,0,0,0,0,0,0
Bagnolini,Bologna,0,0,0,0,0,0,0,0,0,0,0,0,0
Radunovic,Cagliari,0,0,0,0,0,0,0,0,0,0,0,0,0
Scuffet,Napoli,14,5.89,4.18,0,24,0,0,0,0,0,0,0,0
Sherri,Cagliari,7,5.86,4.29,0,11,0,0,0,0,0,0,0,0
Vigorito,Como,0,0,0,0,0,0,0,0,0,0,0,0,0
Chiorra,Empoli,0,0,0,0,0,0,0,0,0,0,0,0,0
Perisan,Empoli,0,0,0,0,0,0,0,0,0,0,0,0,0
Christensen O.,Fiorentina,0,0,0,0,0,0,0,0,0,0,0,0,0
Martinelli T.,Fiorentina,0,0,0,0,0,0,0,0,0,0,0,0,0
Gollini,Roma,7,5.86,4.07,0,15,1,0,0,0,0,1,0,0
Di Gennaro,Inter,0,0,0,0,0,0,0,0,0,0,0,0,0
Pinsoglio,Juventus,0,0,0,0,0,0,0,0,0,0,0,0,0
Furlanetto,Lazio,0,0,0,0,0,0,0,0,0,0,0,0,0
Fruchtl,Lecce,0,0,0,0,0,0,0,0,0,0,0,0,0
Samooja,Lecce,0,0,0,0,0,0,0,0,0,0,0,0,0
Nava,Milan,0,0,0,0,0,0,0,0,0,0,0,0,0
Cragno,Monza,0,0,0,0,0,0,0,0,0,0,0,0,0
Sorrentino A.,Monza,0,0,0,0,0,0,0,0,0,0,0,0,0
Contini,Napoli,0,0,0,0,0,0,0,0,0,0,0,0,0
Chichizola,Parma,1,5,2,0,3,0,0,0,0,0,0,0,0
Corvi,Parma,0,0,0,0,0,0,0,0,0,0,0,0,0
Rinaldi,Parma,0,0,0,0,0,0,0,0,0,0,0,0,0
Boer,Roma,0,0,0,0,0,0,0,0,0,0,0,0,0
Ryan,Roma,0,0,0,0,0,0,0,0,0,0,0,0,0
Paleari,Torino,1,6.5,3.5,0,3,0,0,0,0,0,0,0,0
Popa,Torino,0,0,0,0,0,0,0,0,0,0,0,0,0
Padelli,Udinese,1,6.5,6.5,0,0,0,0,0,0,0,0,0,0
Bertinato,Venezia,0,0,0,0,0,0,0,0,0,0,0,0,0
Grandi,Venezia,0,0,0,0,0,0,0,0,0,0,0,0,0
Berardi A.,Verona,0,0,0,0,0,0,0,0,0,0,0,0,0
Brancolini,Empoli,0,0,0,0,0,0,0,0,0,0,0,0,0
Ciocci,Cagliari,0,0,0,0,0,0,0,0,0,0,0,0,0
Torriani,Milan,0,0,0,0,0,0,0,0,0,0,0,0,0
Donnarumma An.,Torino,0,0,0,0,0,0,0,0,0,0,0,0,0
Silvestri,Empoli,5,5.7,3.5,0,11,0,0,0,0,0,0,0,0
Mazza,Monza,0,0,0,0,0,0,0,0,0,0,0,0,0
Marin Re.,Roma,0,0,0,0,0,0,0,0,0,0,0,0,0
Rui Patricio,Atalanta,3,6.17,5.17,0,3,0,0,0,0,0,0,0,0
Plizzari,Venezia,0,0,0,0,0,0,0,0,0,0,0,0,0
Seghetti,Empoli,1,6.5,3.5,0,3,0,0,0,0,0,0,0,0
Piana,Udinese,0,0,0,0,0,0,0,0,0,0,0,0,0
Selvik,Udinese,0,0,0,0,0,0,0,0,0,0,0,0,0
Marcone,Parma,0,0,0,0,0,0,0,0,0,0,0,0,0
Stolz,Genoa,0,0,0,0,0,0,0,0,0,0,0,0,0
Calligaris,Inter,0,0,0,0,0,0,0,0,0,0,0,0,0
De Marzi,Roma,0,0,0,0,0,0,0,0,0,0,0,0,0
Dimarco,Inter,32,6.31,6.86,4,0,0,0,0,0,7,3,0,0
Dumfries,Inter,29,6.19,6.91,7,0,0,0,0,0,2,4,0,0
Zortea,Cagliari,35,6.07,6.6,6,0,0,0,0,0,2,3,0,0
Carlos Augusto,Inter,28,6.2,6.61,3,0,0,0,0,0,3,1,0,0
Bastoni,Inter,32,6.42,6.55,1,0,0,0,0,0,4,4,1,0
Gosens,Fiorentina,32,6.12,6.59,5,0,0,0,0,0,3,6,0,0
Di Lorenzo,Napoli,37,6.15,6.36,3,0,0,0,0,0,2,6,0,0
Zappacosta,Atalanta,30,5.98,6.4,4,0,0,0,0,0,2,3,0,0
Martin,Genoa,36,6.17,6.32,0,0,0,0,0,0,8,5,0,0
Cambiaso,Juventus,32,6.09,6.31,2,0,0,0,0,0,3,4,0,0
Mancini,Roma,37,6.18,6.26,2,0,0,0,0,0,1,8,0,0
Angelino,Roma,38,6.14,6.32,2,0,0,0,0,0,1,1,0,0
Dodo',Fiorentina,35,6.19,6.21,0,0,0,0,0,0,5,8,0,0
Hernandez T.,Milan,33,6.02,6.29,4,0,0,1,0,1,3,4,1,0
Valeri,Parma,34,5.94,6.25,2,0,0,1,1,0,5,1,0,0
Bisseck,Inter,27,6,6.33,3,0,0,0,0,0,2,4,0,0
Darmian,Inter,26,6.08,6.37,3,0,0,0,0,0,2,3,0,1
Tavares N.,Lazio,23,6.28,6.5,0,0,0,0,0,0,7,2,1,0
Birindelli,Monza,20,5.95,6.35,3,0,0,0,0,0,0,2,0,0
Rrahmani,Napoli,38,6.14,6.17,1,0,0,0,0,0,1,2,0,1
Delprato,Parma,34,6.03,6.21,4,2,0,0,0,0,0,8,0,0
Bellanova,Atalanta,35,6.04,6.26,0,0,0,0,0,0,9,3,0,0
Luperto,Cagliari,36,6,6.08,1,0,0,0,0,0,2,4,0,0
Vasquez,Genoa,36,6.06,6.18,3,0,0,0,0,0,0,9,0,0
De Vrij,Inter,22,6.18,6.55,3,0,0,0,0,0,0,2,0,0
Marusic,Lazio,31,5.85,6.16,4,0,0,0,0,0,0,1,0,1
Dorgu,Lecce,21,5.83,6.12,3,0,0,0,0,0,1,2,1,1
Kyriakopoulos,Monza,34,5.9,6.06,2,0,0,0,0,0,4,5,0,1
Buongiorno,Napoli,22,6.36,6.45,1,0,0,0,0,0,0,2,0,0
Spinazzola,Napoli,23,6.07,6.22,1,0,0,0,0,0,1,1,0,0
Gigot,Lazio,10,6.2,6.7,2,0,0,0,0,0,0,2,0,0
Miranda J.,Bologna,29,6.05,6.16,0,0,0,0,0,0,6,4,1,0
Augello,Cagliari,37,5.95,6.09,0,0,0,0,0,0,7,3,0,0
Ismajli,Empoli,29,6.17,6.12,0,0,0,0,0,0,0,3,0,0
Cacace,Empoli,29,5.79,6.02,2,0,0,0,0,0,3,6,0,0
Pezzella Giu.,Empoli,35,6.03,6.04,0,0,0,0,0,0,4,7,0,0
Parisi,Fiorentina,20,6,6.22,2,0,0,0,0,0,0,3,0,0
Gatti,Juventus,28,6.14,6.21,1,0,0,0,0,0,0,2,0,0
Baschirotto,Lecce,38,5.86,5.97,2,0,0,0,0,0,0,3,0,0
Gabbia,Milan,25,6.04,6.2,2,0,0,0,0,0,0,4,0,0
N'Dicka,Roma,38,6.05,6.03,0,0,0,0,0,0,0,2,0,0
Mina,Cagliari,31,6.06,6.06,1,0,0,0,0,0,0,4,1,0
Ranieri L.,Fiorentina,36,5.92,5.96,1,0,0,0,0,0,2,7,0,0
De Winter,Genoa,24,5.85,6.1,3,0,0,0,0,0,0,6,0,0
Gila,Lazio,32,6.05,5.95,1,0,0,0,0,0,0,8,0,1
Gaspar K.,Lecce,24,6.17,6.15,0,0,0,0,0,0,1,3,0,0
Kalulu,Juventus,28,6.02,6.05,1,0,0,0,0,0,0,2,1,0
Olivera,Napoli,30,6.08,6.05,0,0,0,0,0,0,1,4,0,0
Lazaro,Torino,31,5.98,6.08,0,0,0,0,0,0,6,6,0,0
Kamara H.,Udinese,30,5.93,6.03,1,0,0,0,0,0,4,6,1,0
Idzes,Venezia,35,5.96,5.97,1,0,0,0,0,0,0,5,0,0
Pavlovic,Milan,22,5.91,6.11,2,0,0,0,0,0,1,3,1,0
Solet,Udinese,19,6.16,6.29,1,0,0,0,0,0,1,1,1,0
Djimsiti,Atalanta,33,5.88,5.88,1,0,0,0,0,0,2,6,0,1
Ruggeri,Atalanta,26,6,6.08,0,0,0,0,0,0,3,2,0,0
Beukema,Bologna,34,5.93,5.94,0,0,0,0,0,0,1,1,0,0
Zappa,Cagliari,36,5.75,5.86,2,0,0,0,0,0,0,4,0,0
Viti,Empoli,30,6.02,6.07,1,0,0,0,0,0,0,3,0,0
Acerbi,Inter,21,6.07,6.12,0,0,0,0,0,0,1,0,0,0
Bremer,Juventus,6,6.5,6.42,0,0,0,0,0,0,0,1,0,0
Romagnoli,Lazio,32,5.84,5.91,2,0,0,0,0,0,0,4,2,0
Pellegrini Lu.,Lazio,19,6.08,6.11,0,0,0,0,0,0,3,5,0,0
Valenti,Parma,20,5.85,5.85,1,0,0,0,0,0,0,4,1,0
Vojvoda,Como,27,5.96,6.04,1,0,0,0,0,0,2,6,0,0
Masina,Torino,24,5.96,6.12,1,0,0,0,0,0,3,5,0,0
Bijol,Udinese,34,5.99,5.88,1,0,0,0,0,0,2,11,1,1
Perez N.,Udinese,2,6.25,6.25,0,0,0,0,0,0,0,0,0,0
Tchatchoua,Verona,36,5.76,5.9,2,0,0,0,0,0,3,6,1,0
Savona,Juventus,27,5.89,6.02,2,0,0,0,0,0,0,5,0,0
Cuadrado,Atalanta,20,6.08,6.1,0,0,0,0,0,0,2,3,0,0
Maripan,Torino,28,5.93,5.93,1,0,0,0,0,0,0,4,1,0
Walker,Milan,10,5.95,5.9,0,0,0,0,0,0,0,1,0,0
Holm,Bologna,16,5.94,6.12,1,0,0,0,0,0,1,3,0,0
Lykogiannis,Bologna,16,6,6.16,0,0,0,0,0,0,4,3,0,0
Varane,Como,0,0,0,0,0,0,0,0,0,0,0,0,0
Comuzzo,Fiorentina,28,5.91,5.93,1,0,0,0,0,0,0,5,0,0
Martinez Quarta,Fiorentina,7,5.86,6.21,1,0,0,0,0,0,0,1,0,0
Biraghi,Torino,21,5.83,5.86,1,0,0,0,0,0,0,1,0,1
Sabelli,Genoa,30,5.87,5.9,0,0,0,0,0,0,2,3,0,0
Pavard,Inter,22,6.05,6,0,0,0,0,0,0,1,4,0,0
Danilo,Juventus,8,5.44,5.44,0,0,0,0,0,0,1,2,0,0
Tomori,Milan,18,5.86,5.81,0,0,0,0,0,0,1,2,1,0
Smalling,Roma,0,0,0,0,0,0,0,0,0,0,0,0,0
Coppola D.,Verona,33,5.8,5.86,2,0,0,0,0,0,1,10,0,0
Haps,Venezia,22,5.86,5.98,1,0,0,0,0,0,1,3,0,0
Jimenez A.,Milan,21,5.95,5.83,0,0,0,0,0,0,0,6,0,0
Kolasinac,Atalanta,23,6.13,5.98,0,0,0,0,0,0,2,7,0,1
Hateboer,Atalanta,0,0,0,0,0,0,0,0,0,0,0,0,0
Obert,Cagliari,19,5.95,6.05,1,0,0,0,0,0,1,4,0,0
Goldaniga,Como,30,5.83,5.73,1,0,0,0,0,0,0,10,1,0
Zanoli,Genoa,27,5.91,5.96,1,0,0,0,0,0,0,3,0,0
Gendrey,Lecce,2,5.25,5.25,0,0,0,0,0,0,0,0,0,0
Mari',Fiorentina,32,5.84,5.75,0,0,0,0,0,0,0,4,1,0
Coco,Torino,32,5.86,5.83,2,0,0,0,0,0,0,10,0,1
Kabasele,Udinese,16,5.84,6.22,2,0,0,0,0,0,0,0,0,0
Ehizibue,Udinese,31,5.85,5.81,0,0,0,0,0,0,1,5,0,0
Emerson Royal,Milan,17,5.62,5.47,0,0,0,0,0,0,0,5,0,0
Leoni,Parma,17,5.85,5.88,1,0,0,0,0,0,0,3,1,0
Kempf,Como,31,5.85,5.76,0,0,0,0,0,0,0,4,1,0
Bradaric,Verona,27,5.72,5.72,1,0,0,0,0,0,0,6,0,0
Candè,Venezia,17,5.76,5.82,1,0,0,0,0,0,0,4,0,0
Kelly L.,Juventus,12,5.67,5.62,0,0,0,0,0,0,0,1,0,0
Hien,Atalanta,29,5.95,5.78,0,0,0,0,0,0,0,10,0,0
Lucumi',Bologna,32,5.83,5.7,0,0,0,0,0,0,1,8,1,0
De Silvestri,Bologna,16,5.91,6.06,1,0,0,0,0,0,0,1,0,0
Moreno Alb.,Como,23,5.96,5.87,0,0,0,0,0,0,0,4,0,0
Goglichidze,Empoli,33,5.76,5.71,0,0,0,0,0,0,1,3,1,0
Pongracic,Fiorentina,17,5.85,5.65,0,0,0,0,0,0,0,1,1,1
Bani,Genoa,20,5.92,5.85,0,0,0,0,0,0,0,3,0,0
Rugani,Juventus,0,0,0,0,0,0,0,0,0,0,0,0,0
Lazzari,Lazio,22,5.89,5.86,0,0,0,0,0,0,1,3,0,0
Hysaj,Lazio,8,5.88,6.12,0,0,0,0,0,0,3,0,1,0
Gallo,Lecce,31,5.79,5.65,0,0,0,0,0,0,2,3,1,2
Celik,Roma,30,5.78,5.77,0,0,0,0,0,0,2,5,0,0
Zemura,Udinese,21,5.81,6,1,0,0,0,0,0,2,2,0,0
Palomino,Cagliari,17,5.76,5.85,1,0,0,0,0,0,0,3,0,0
Guilbert,Lecce,31,5.79,5.71,0,0,0,0,0,0,1,3,2,0
Schingtienne,Venezia,15,5.7,5.63,0,0,0,0,0,0,0,2,0,0
Kossounou,Atalanta,17,5.94,5.91,0,0,0,0,0,0,0,1,0,0
Van Der Brempt,Como,18,5.94,5.92,0,0,0,0,0,0,1,3,0,0
Alberto Costa,Juventus,8,6,5.81,0,0,0,0,0,0,0,3,0,0
Rensch,Roma,8,6.06,6.19,0,0,0,0,0,0,1,0,0,0
Veiga D.,Lecce,11,5.73,5.73,0,0,0,0,0,0,0,0,0,0
Valle,Como,13,5.81,5.73,0,0,0,0,0,0,0,2,0,0
Bakker,Atalanta,1,6,6,0,0,0,0,0,0,0,0,0,0
Di Pardo,Cagliari,0,0,0,0,0,0,0,0,0,0,0,0,0
Dossena,Como,23,5.8,5.85,0,0,0,0,0,0,2,0,1,0
Walukiewicz,Torino,28,5.73,5.64,0,0,0,0,0,0,0,6,0,0
Ebuehi,Empoli,3,6.17,6.17,0,0,0,0,0,0,0,0,0,0
Stojanovic,Empoli,0,0,0,0,0,0,0,0,0,0,0,0,0
Vogliacco,Parma,20,5.7,5.78,2,0,0,0,0,0,0,5,0,1
De Sciglio,Empoli,12,5.79,6.04,1,0,0,0,0,0,0,0,0,0
Calabria,Bologna,13,5.88,5.85,0,0,0,0,0,0,1,3,0,0
Izzo,Monza,28,5.75,5.68,1,0,0,0,0,0,1,12,0,0
Carboni A.,Monza,26,5.63,5.62,0,0,0,0,0,0,2,5,0,0
Pereira P.,Monza,33,5.64,5.65,1,0,0,0,0,0,2,10,0,0
Natan,Napoli,0,0,0,0,0,0,0,0,0,0,0,0,0
Balogh,Parma,27,5.78,5.72,0,0,0,0,0,0,1,5,0,0
Kristensen T.,Udinese,21,5.57,5.6,1,0,0,0,0,0,0,5,0,0
Ferreira J.,Udinese,0,0,0,0,0,0,0,0,0,0,0,0,0
Altare,Venezia,12,6,5.75,0,0,0,0,0,0,0,2,0,1
Zampano,Venezia,22,5.77,5.89,1,0,0,0,0,0,2,5,0,0
Dawidowicz,Verona,25,5.56,5.38,0,0,0,0,0,0,0,7,1,0
Ghilardi,Verona,24,5.73,5.54,0,0,0,0,0,0,0,7,1,0
Erlic,Bologna,7,6.07,6.07,0,0,0,0,0,0,0,0,0,0
Marianucci,Empoli,13,5.81,5.73,0,0,0,0,0,0,0,0,1,0
Norton-Cuffy,Genoa,10,5.7,5.7,0,0,0,0,0,0,0,0,0,0
Dembele' A.,Torino,9,5.67,5.89,1,0,0,0,0,0,0,0,1,0
Jean,Lecce,18,5.75,5.75,0,0,0,0,0,0,0,0,0,0
Valentini N.,Verona,14,5.61,5.43,0,0,0,0,0,0,0,3,1,0
Nelsson,Roma,4,6,6,0,0,0,0,0,0,0,0,0,0
Toloi,Atalanta,9,5.94,5.89,0,0,0,0,0,0,0,1,0,0
Marcandalli,Venezia,8,5.88,5.75,0,0,0,0,0,0,0,2,0,0
Casale,Bologna,15,5.63,5.53,0,0,0,0,0,0,1,1,0,1
Thiaw,Milan,22,5.75,5.43,0,0,0,0,0,0,0,2,0,3
Juan Jesus,Napoli,13,5.81,5.81,0,0,0,0,0,0,1,2,0,0
Coulibaly W.,Parma,14,5.54,5.36,0,0,0,0,0,0,1,1,1,1
Ebosele,Udinese,0,0,0,0,0,0,0,0,0,0,0,0,0
Magnani,Verona,14,5.29,5.43,1,0,0,0,0,0,0,2,0,0
Ceccherini,Verona,0,0,0,0,0,0,0,0,0,0,0,0,0
Palestra,Atalanta,3,6,6,0,0,0,0,0,0,0,0,0,0
Abankwah,Udinese,2,6.25,6,0,0,0,0,0,0,0,1,0,0
Pedersen,Torino,23,5.61,5.54,0,0,0,0,0,0,0,3,0,0
Hummels,Roma,13,6.12,5.92,0,0,0,0,0,0,0,1,0,1
Ahanor,Genoa,6,6,6,0,0,0,0,0,0,0,0,0,0
Smolcic I.,Como,8,5.81,5.75,0,0,0,0,0,0,0,2,0,0
Godfrey,Atalanta,1,6,6,0,0,0,0,0,0,0,0,0,0
Posch,Atalanta,13,5.81,5.77,0,0,0,0,0,0,0,1,0,0
Wieteska,Cagliari,5,5.6,5.5,0,0,0,0,0,0,0,1,0,0
Hatzidiakos,Cagliari,0,0,0,0,0,0,0,0,0,0,0,0,0
Azzi,Cagliari,6,6,5.83,0,0,0,0,0,0,0,2,0,0
Barba,Como,6,5.42,5.42,0,0,0,0,0,0,0,0,0,0
Matturro,Genoa,12,5.62,5.54,0,0,0,0,0,0,0,2,0,0
Cabal,Juventus,6,6.33,6.25,0,0,0,0,0,0,0,1,0,0
Bettella,Monza,0,0,0,0,0,0,0,0,0,0,0,0,0
Caldirola,Monza,14,5.75,5.61,0,0,0,0,0,0,0,4,0,0
Marin R.,Napoli,3,6,5.83,0,0,0,0,0,0,0,1,0,0
Circati,Parma,6,5.83,5.75,0,0,0,0,0,0,0,1,0,0
Kumbulla,Roma,0,0,0,0,0,0,0,0,0,0,0,0,0
Dahl,Roma,2,6,6,0,0,0,0,0,0,0,0,0,0
Giannetti L.,Udinese,13,5.69,5.46,1,0,0,0,0,0,0,4,0,2
Svoboda,Venezia,16,5.69,5.84,1,0,0,0,0,0,0,1,0,0
Sverko,Venezia,14,5.75,5.86,1,0,0,0,0,0,0,3,0,0
Candela,Venezia,14,5.46,5.25,0,0,0,0,0,0,0,2,0,1
Frese,Verona,7,5.79,5.79,0,0,0,0,0,0,0,0,0,0
Esteves G.,Udinese,0,0,0,0,0,0,0,0,0,0,0,0,0
Sosa B.,Torino,18,5.72,5.72,0,0,0,0,0,0,0,0,0,0
Sergi Roberto,Como,12,6,5.92,0,0,0,0,0,0,1,4,0,0
Palacios T.,Monza,6,5.25,5.08,0,0,0,0,0,0,0,2,0,0
Sambia,Empoli,7,5.86,5.86,0,0,0,0,0,0,0,0,0,0
Bartesaghi,Milan,3,5.33,5,0,0,0,0,0,0,0,0,1,0
Hermoso,Roma,4,5.12,4.88,0,0,0,0,0,0,0,0,1,0
Lovik,Parma,4,5.75,5.75,0,0,0,0,0,0,0,0,0,0
Otoa,Genoa,3,5.17,4.67,0,0,0,0,0,0,0,1,1,0
Lekovic,Monza,6,4.75,4.42,0,0,0,0,0,0,0,0,0,1
Tiago Gabriel,Lecce,2,6.25,6.25,0,0,0,0,0,0,0,0,0,0
Brorsson,Monza,4,5.38,5.38,0,0,0,0,0,0,0,0,0,0
Scalvini,Atalanta,4,5.5,5.25,0,0,0,0,0,0,0,2,0,0
Ilic M.,Bologna,0,0,0,0,0,0,0,0,0,0,0,0,0
Corazza,Bologna,0,0,0,0,0,0,0,0,0,0,0,0,0
Veroli,Cagliari,0,0,0,0,0,0,0,0,0,0,0,0,0
Iovine,Como,7,5.64,5.5,0,0,0,0,0,0,0,2,0,0
Kovacik,Como,0,0,0,0,0,0,0,0,0,0,0,0,0
Sala M.,Lecce,6,5.67,5.5,0,0,0,0,0,0,0,3,0,0
Cassandro,Como,0,0,0,0,0,0,0,0,0,0,0,0,0
Lucchesi,Venezia,0,0,0,0,0,0,0,0,0,0,0,0,0
Kayode,Fiorentina,2,5.5,5.5,0,0,0,0,0,0,0,0,0,0
Djalo',Juventus,0,0,0,0,0,0,0,0,0,0,0,0,0
Patric,Lazio,8,5.62,5.88,1,0,0,0,0,0,0,2,0,0
Terracciano F.,Milan,7,5.71,5.57,0,0,0,0,0,0,0,3,0,0
D'Ambrosio,Monza,17,5.59,5.47,0,0,0,0,0,0,0,2,1,0
Mario Rui,Napoli,0,0,0,0,0,0,0,0,0,0,0,0,0
Mazzocchi,Napoli,10,5.7,5.65,0,0,0,0,0,0,0,2,0,0
Osorio,Parma,3,5.17,5.17,0,0,0,0,0,0,0,0,0,0
Di Chiara,Parma,0,0,0,0,0,0,0,0,0,0,0,0,0
Sangare' B.,Roma,0,0,0,0,0,0,0,0,0,0,0,0,0
Sazonov,Empoli,1,5,5,0,0,0,0,0,0,0,0,0,0
Schuurs,Torino,0,0,0,0,0,0,0,0,0,0,0,0,0
Ebosse,Udinese,2,5.5,5.25,0,0,0,0,0,0,0,1,0,0
Okou,Verona,0,0,0,0,0,0,0,0,0,0,0,0,0
Faraoni,Verona,6,5.67,5.67,0,0,0,0,0,0,0,0,0,0
Sagrado,Venezia,3,5.5,5.33,0,0,0,0,0,0,0,1,0,0
Rouhi,Juventus,4,5.62,5.62,0,0,0,0,0,0,0,0,0,0
Pelmard,Lecce,2,5.75,5.5,0,0,0,0,0,0,0,1,0,0
Dellavalle,Torino,0,0,0,0,0,0,0,0,0,0,0,0,0
Abdulhamid,Roma,4,5.75,6,0,0,0,0,0,0,1,0,0,0
Carboni F.,Venezia,5,5.9,5.7,0,0,0,0,0,0,0,2,0,0
Moreno M.,Fiorentina,3,5.67,5.67,0,0,0,0,0,0,0,0,0,0
Bonifazi,Lecce,2,5.25,5.25,0,0,0,0,0,0,0,0,0,0
Daniliuc,Verona,14,5.39,5.39,0,0,0,0,0,0,0,0,0,0
Toure' I.s.,Udinese,11,5.59,5.41,1,0,0,0,0,0,0,2,2,1
Florenzi,Milan,0,0,0,0,0,0,0,0,0,0,0,0,0
Jack,Como,1,5,4.5,0,0,0,0,0,0,0,1,0,0
Oyegoke,Verona,3,5.83,5.67,0,0,0,0,0,0,0,1,0,0
Provstgaard,Lazio,1,6.5,6.5,0,0,0,0,0,0,0,1,0,0
Slotsager,Verona,0,0,0,0,0,0,0,0,0,0,0,0,0
Salah-Eddine,Roma,2,5.5,6,0,0,0,0,0,0,1,0,0,0
Scott,Lecce,0,0,0,0,0,0,0,0,0,0,0,0,0
Luan Patrick,Verona,0,0,0,0,0,0,0,0,0,0,0,0,0
Orsolini,Bologna,29,6.53,8.19,15,0,0,3,3,0,4,2,0,0
McTominay,Napoli,34,6.56,7.66,12,0,0,0,0,0,3,3,0,0
Pulisic,Milan,34,6.38,7.49,11,0,0,4,3,1,8,1,0,0
Ndoye,Bologna,29,6.47,7.36,8,0,0,2,2,0,4,4,0,0
Reijnders,Milan,37,6.31,7.18,10,0,0,0,0,0,4,2,1,0
Zaccagni,Lazio,34,6.28,7.01,8,0,0,2,2,0,6,10,0,0
Saelemaekers,Roma,22,6.39,7.36,7,0,0,0,0,0,3,5,0,0
Zambo Anguissa,Napoli,35,6.41,6.97,6,0,0,0,0,0,4,5,0,0
Paz N.,Como,33,6.38,6.95,6,0,0,1,0,1,7,6,0,0
Strefezza,Como,37,6.27,6.8,6,0,0,0,0,0,4,5,0,0
Calhanoglu,Inter,28,6.34,6.89,5,0,0,4,3,1,6,5,0,0
Barella,Inter,33,6.26,6.65,3,0,0,0,0,0,6,4,0,0
Thuram K.,Juventus,33,6.3,6.74,4,0,0,0,0,0,5,5,0,0
Weah,Juventus,26,6.13,6.69,5,0,0,0,0,0,1,4,0,0
Mandragora,Fiorentina,27,6.19,6.67,4,0,0,1,1,0,4,7,0,0
Nicolussi Caviglia,Venezia,35,6.2,6.53,4,0,0,0,0,0,3,5,1,0
Vlasic,Torino,30,6.07,6.67,5,0,0,2,2,0,3,0,0,0
Neres,Napoli,25,6.32,6.72,2,0,0,0,0,0,5,2,0,0
De Roon,Atalanta,36,6.15,6.53,4,0,0,0,0,0,4,5,0,0
Ederson D.s.,Atalanta,36,6.17,6.49,4,0,0,0,0,0,2,3,1,0
Fazzini,Empoli,20,6.42,6.98,4,0,0,0,0,0,1,2,1,0
Adli,Fiorentina,22,6.2,6.95,4,0,0,0,0,0,6,1,1,0
Frattesi,Inter,23,6.02,6.72,5,0,0,0,0,0,1,1,0,0
Politano,Napoli,37,6.11,6.42,3,0,0,0,0,0,4,3,0,0
Man,Parma,32,5.95,6.45,4,0,0,0,0,0,4,0,0,0
Cristante,Roma,28,6.2,6.59,4,0,0,0,0,0,3,8,0,0
El Shaarawy,Roma,21,6.19,6.71,3,0,0,0,0,0,3,2,0,0
Oristanio,Venezia,37,6.05,6.34,3,0,0,0,0,0,3,3,0,0
Brescianini,Atalanta,23,6.13,6.72,4,0,0,0,0,0,2,1,0,0
Kone' M.,Roma,33,6.26,6.38,2,0,0,0,0,0,1,6,0,0
Diao,Como,14,6.5,7.93,7,0,0,0,0,0,0,2,0,0
Koopmeiners,Juventus,28,5.98,6.39,3,0,0,0,0,0,4,3,0,0
Da Cunha,Como,35,6.1,6.36,3,0,0,0,0,0,2,4,0,0
Conceicao,Juventus,25,6.12,6.5,3,0,0,0,0,0,3,3,1,0
Freuler,Bologna,37,6.19,6.22,1,0,0,0,0,0,1,6,0,0
Marin,Cagliari,27,6.07,6.41,3,0,0,2,2,0,2,4,0,0
Locatelli,Juventus,35,6.19,6.26,2,0,0,1,1,0,1,9,0,0
Maldini,Atalanta,27,6.02,6.59,6,0,0,0,0,0,0,5,0,0
Hernani,Parma,25,6.08,6.42,3,0,0,3,3,0,3,7,0,0
Sohm,Parma,37,6.03,6.26,4,0,0,0,0,0,0,7,0,0
Ellertsson,Venezia,35,6.01,6.21,2,0,0,0,0,0,2,2,0,0
Anjorin,Empoli,22,6.3,6.64,2,0,0,0,0,0,3,3,0,0
Caqueret,Como,16,6.34,6.78,2,0,0,0,0,0,3,4,0,0
Elmas,Torino,13,6.12,7.04,4,0,0,0,0,0,0,0,0,0
Fabbian,Bologna,22,6.09,6.48,3,0,0,0,0,0,0,2,0,0
Ferguson,Bologna,14,6.11,6.39,1,0,0,1,1,0,1,0,0,0
Mkhitaryan,Inter,32,6.06,6.25,1,0,0,0,0,0,5,4,0,0
McKennie,Juventus,31,5.94,6.18,2,0,0,0,0,0,3,3,0,0
Cataldi,Fiorentina,24,6.04,6.4,3,0,0,0,0,0,0,1,0,0
Dele-Bashiru,Lazio,17,6.06,6.65,3,0,0,0,0,0,1,0,0,0
Chukwueze,Milan,16,6.09,6.78,3,0,0,0,0,0,2,0,0,0
Gaetano,Cagliari,27,6.04,6.41,2,0,0,0,0,0,4,0,0,0
Paredes,Roma,20,6.28,6.68,3,0,0,2,2,0,1,4,0,0
Ekkelenkamp,Udinese,33,5.97,6.27,3,0,0,0,0,0,2,2,0,0
Fofana Y.,Milan,34,6.03,6.22,1,0,0,0,0,0,6,5,0,0
Ondrejka,Parma,10,6.35,7.85,5,0,0,0,0,0,0,0,0,0
Pasalic,Atalanta,33,5.91,6.14,3,0,0,1,0,1,2,1,0,0
Colpani,Fiorentina,24,5.81,6.04,2,0,0,0,0,0,0,1,0,0
Miretti,Genoa,25,5.98,6.42,3,0,0,0,0,0,3,2,0,0
Vecino,Lazio,18,6.14,6.44,2,0,0,0,0,0,3,7,0,0
Guendouzi,Lazio,37,6.04,6.07,1,0,0,0,0,0,2,8,0,0
Pellegrini Lo.,Roma,25,5.68,5.88,2,0,0,1,1,0,1,4,0,0
Gineitis,Torino,28,5.95,6.21,3,0,0,0,0,0,1,5,0,0
Samardzic,Atalanta,28,6.09,6.25,2,0,0,0,0,0,0,3,0,0
Andersen M.K.,Venezia,13,5.96,6.23,1,0,0,0,0,0,1,1,0,0
Zerbin,Venezia,18,6,6.11,1,0,0,0,0,0,1,4,0,0
Casadei,Torino,15,6.03,6.27,1,0,0,0,0,0,1,1,0,0
Ikone',Como,23,5.96,6.2,2,0,0,0,0,0,0,1,0,0
Frendrup,Genoa,35,6,6.04,2,0,0,0,0,0,0,5,0,1
Asllani,Inter,16,6.16,6.56,2,0,0,2,2,0,2,3,0,0
Douglas Luiz,Juventus,15,5.87,5.8,0,0,0,0,0,0,0,2,0,0
Tete Morente,Lecce,30,5.87,6.15,3,0,0,0,0,0,2,5,0,0
Pobega,Bologna,20,6.05,6.25,2,0,0,0,0,0,2,4,2,0
Bernabe',Parma,19,6.29,6.47,1,0,0,0,0,0,1,1,0,0
Lovric,Udinese,35,5.96,6.11,2,0,0,0,0,0,2,5,0,0
Coulibaly L.,Lecce,37,5.96,6,1,0,0,0,0,0,0,3,0,0
Sulemana I.,Atalanta,6,6.17,7.08,2,0,0,0,0,0,0,1,0,0
Adopo,Cagliari,34,5.87,5.91,1,0,0,0,0,0,1,3,1,0
Viola,Cagliari,25,5.94,6.3,3,0,0,0,0,0,1,2,0,0
Zielinski,Inter,20,5.98,6.32,2,0,0,2,2,0,1,0,0,0
Rovella,Lazio,33,6.11,6,0,0,0,0,0,0,3,13,0,0
Loftus-Cheek,Milan,18,5.86,5.78,0,0,0,0,0,0,0,3,0,0
Lobotka,Napoli,31,6.05,6.03,0,0,0,0,0,0,1,3,0,0
Ricci S.,Torino,34,6.06,6.03,1,0,0,0,0,0,1,8,1,0
Busio,Venezia,31,5.9,6.03,2,0,0,0,0,0,0,4,0,0
Lazovic,Verona,24,5.94,6.31,2,0,0,1,1,0,3,0,0,0
Fadera,Como,24,6,6.19,1,0,0,0,0,0,3,1,1,0
Perez K.,Venezia,16,6.03,6.16,1,0,0,0,0,0,1,4,0,0
Deiola,Cagliari,25,5.98,6.14,2,0,0,0,0,0,1,6,0,0
Mazzitelli,Como,8,6,6.44,1,0,0,0,0,0,1,1,0,0
Henderson L.,Empoli,34,5.91,5.88,0,0,0,0,0,0,4,10,0,0
Gyasi,Empoli,37,5.84,5.91,2,0,0,0,0,0,1,5,0,1
Bianco,Monza,35,5.91,5.87,1,0,0,0,0,0,0,9,0,0
Fagioli,Fiorentina,24,5.92,6.04,1,0,0,0,0,0,2,4,0,0
Duda,Verona,28,5.98,5.95,1,0,0,0,0,0,3,10,2,0
Pisilli,Roma,24,5.98,6.12,2,0,0,0,0,0,1,7,0,0
Amrabat,Fiorentina,2,5.75,5.75,0,0,0,0,0,0,0,0,0,0
Helgason,Lecce,17,6.03,6.26,0,0,0,0,0,0,4,0,0,0
Yeboah J.,Venezia,28,5.91,5.98,1,0,0,0,0,0,2,6,0,0
Gilmour,Napoli,17,6,6.06,0,0,0,0,0,0,1,0,0,0
Masini,Genoa,18,6.06,6.17,1,0,0,0,0,0,0,2,0,0
Zaniolo,Fiorentina,18,6.03,6.22,2,0,0,0,0,0,1,6,1,0
Sottil,Milan,21,5.95,6.12,1,0,0,0,0,0,1,1,0,0
Messias,Genoa,16,6,6.03,1,0,0,1,0,1,1,1,0,0
Ramadani,Lecce,27,5.85,5.94,1,0,0,0,0,0,1,3,0,0
Ciurria,Monza,17,5.79,6,1,0,0,0,0,0,1,1,0,0
Bove,Fiorentina,12,6.29,6.58,1,0,0,0,0,0,2,3,0,0
Zalewski,Inter,19,6.03,6.21,1,0,0,0,0,0,2,3,0,0
Baldanzi,Roma,21,6,6.14,1,0,0,0,0,0,1,2,0,0
Doumbia I.,Venezia,19,5.95,5.95,0,0,0,0,0,0,0,0,0,0
Hainaut,Parma,22,5.86,6.07,2,0,0,0,0,0,0,3,0,0
Berisha M.,Lecce,14,6.07,5.96,0,0,0,0,0,0,1,5,0,0
Perrone,Como,25,5.94,5.94,0,0,0,0,0,0,3,6,0,0
Atta,Udinese,23,6,5.89,0,0,0,0,0,0,0,5,0,0
Cornet,Genoa,6,6.08,7.25,2,0,0,0,0,0,1,0,0,0
Veiga R.,Juventus,13,6.08,6,0,0,0,0,0,0,0,2,0,0
Karlsson,Lecce,17,5.82,6.09,2,0,0,1,1,0,0,3,0,0
Makoumbou,Cagliari,32,5.73,5.77,0,0,0,0,0,0,3,2,1,0
Grassi,Empoli,28,5.91,5.84,1,0,0,0,0,0,0,8,1,0
Badelj,Genoa,22,5.98,6.05,1,0,0,0,0,0,0,3,0,0
Malinovskyi,Genoa,9,6.33,6.44,0,0,0,0,0,0,2,2,0,0
Castrovilli,Monza,14,5.89,5.89,0,0,0,0,0,0,0,0,0,0
Payero,Udinese,25,5.9,5.96,1,0,0,0,0,0,1,5,0,0
Tessmann,Venezia,0,0,0,0,0,0,0,0,0,0,0,0,0
Serdar,Verona,21,5.79,6.02,2,0,0,0,0,0,1,2,1,0
Suslov,Verona,31,5.84,5.76,0,0,0,0,0,0,1,5,1,0
Karlstrom,Udinese,37,5.85,5.78,0,0,0,0,0,0,2,9,0,0
Richardson,Fiorentina,25,5.78,5.84,1,0,0,0,0,0,1,5,0,0
Rui Modesto,Udinese,13,5.96,6.04,0,0,0,0,0,0,1,1,0,0
Felici,Cagliari,18,5.83,5.97,0,0,0,0,0,0,3,1,0,0
Barak,Fiorentina,1,5.5,5.5,0,0,0,0,0,0,0,0,0,0
Pierret,Lecce,30,5.75,5.72,0,0,0,0,0,0,0,2,0,0
Zarraga,Udinese,18,5.78,5.94,1,0,0,0,0,0,0,0,0,0
Kastanos,Verona,22,5.89,5.95,1,0,0,0,0,0,0,4,0,0
Engelhardt,Como,16,5.81,5.97,1,0,0,0,0,0,1,3,0,0
Sensi,Monza,7,5.93,6.36,1,0,0,1,1,0,0,0,0,0
Iling Junior,Bologna,4,6,6.75,1,0,0,0,0,0,0,0,0,0
Keita M.,Parma,28,5.73,5.66,0,0,0,0,0,0,1,4,1,0
Venturino,Genoa,3,6.83,8.83,2,0,0,0,0,0,0,0,0,0
Bernede,Verona,12,5.79,5.96,1,0,0,0,0,0,0,2,0,0
Moro N.,Bologna,16,6,6.03,0,0,0,0,0,0,1,1,0,0
Urbanski,Monza,12,5.88,6,1,0,0,0,0,0,0,3,0,0
Akpa Akpro,Monza,14,5.57,5.43,0,0,0,0,0,0,0,4,0,0
Kaba,Lecce,12,5.88,5.83,0,0,0,0,0,0,0,1,0,0
Bennacer,Milan,6,5.83,5.67,0,0,0,0,0,0,0,2,0,0
Musah,Milan,26,5.69,5.67,0,0,0,0,0,0,2,5,0,0
Folorunsho,Fiorentina,13,5.96,5.77,0,0,0,0,0,0,0,5,0,0
Linetty,Torino,22,5.77,5.77,1,0,0,0,0,0,0,6,0,0
Ilic,Torino,16,5.91,5.97,1,0,0,0,0,0,0,4,0,0
Harroui,Verona,10,5.95,6.4,1,0,0,0,0,0,2,1,0,0
Billing,Napoli,6,5.92,6.33,1,0,0,0,0,0,0,1,0,0
Onana J.,Genoa,7,5.86,5.79,0,0,0,0,0,0,0,1,0,0
Prati,Cagliari,10,5.85,5.8,0,0,0,0,0,0,0,1,0,0
Thorsby,Genoa,27,5.78,5.65,0,0,0,0,0,0,1,5,0,1
Kostic,Juventus,0,0,0,0,0,0,0,0,0,0,0,0,0
Tchaouna,Lazio,20,5.72,5.78,1,0,0,0,0,0,0,2,1,0
Maleh,Empoli,22,5.82,5.75,0,0,0,0,0,0,1,3,1,0
Zeroli,Monza,7,5.71,5.71,0,0,0,0,0,0,0,0,0,0
Bondo,Milan,22,5.91,5.77,0,0,0,0,0,0,0,4,1,0
Cajuste,Napoli,0,0,0,0,0,0,0,0,0,0,0,0,0
Camara D.,Parma,13,6.04,5.92,0,0,0,0,0,0,0,3,0,0
Le Fee,Roma,5,6,5.9,0,0,0,0,0,0,0,1,0,0
Tameze,Torino,15,5.9,5.83,0,0,0,0,0,0,0,3,0,0
Belahyane,Lazio,26,5.77,5.69,0,0,0,0,0,0,2,4,2,0
Martins K.,Monza,6,5.92,6,0,0,0,0,0,0,1,1,0,0
Ndour,Fiorentina,7,5.71,5.64,0,0,0,0,0,0,0,1,0,0
Gourna-Douath,Roma,5,5.9,5.7,0,0,0,0,0,0,0,2,0,0
Aebischer,Bologna,13,5.77,5.69,0,0,0,0,0,0,0,2,0,0
Braunoder,Como,4,5.12,4.75,0,0,0,0,0,0,0,1,1,0
Verdi,Como,4,5.75,5.62,0,0,0,0,0,0,0,1,0,0
Haas,Empoli,6,6.08,6,0,0,0,0,0,0,0,1,0,0
Bohinen,Genoa,2,5,5,0,0,0,0,0,0,0,0,0,0
Oudin,Lecce,6,5.58,5.5,0,0,0,0,0,0,0,1,0,0
Gagliardini,Monza,6,5.67,5.58,0,0,0,0,0,0,0,1,0,0
Pessina,Monza,11,6.09,6,0,0,0,0,0,0,0,2,0,0
Machin,Monza,0,0,0,0,0,0,0,0,0,0,0,0,0
Forson O.,Monza,6,5.67,5.67,0,0,0,0,0,0,0,0,0,0
Estevez,Parma,12,5.79,5.71,0,0,0,0,0,0,0,2,0,0
Duncan,Venezia,14,5.86,5.79,0,0,0,0,0,0,0,2,0,0
Bjarkason,Venezia,4,5.88,5.75,0,0,0,0,0,0,0,2,0,0
Dani Silva,Verona,6,5.33,5.25,0,0,0,0,0,0,0,1,0,0
Mitrovic S.,Verona,0,0,0,0,0,0,0,0,0,0,0,0,0
Zurkowski,Empoli,4,5.88,5.88,0,0,0,0,0,0,0,0,0,0
Buchanan T.,Inter,3,5.83,5.83,0,0,0,0,0,0,0,0,0,0
Kasa,Genoa,3,6,6,0,0,0,0,0,0,0,0,0,0
Pereiro,Genoa,1,6,6,0,0,0,0,0,0,0,0,0,0
Condè,Venezia,3,5.83,5.67,0,0,0,0,0,0,0,2,0,0
Niasse,Verona,11,5.5,5.32,0,0,0,0,0,0,0,4,0,0
Kovalenko,Empoli,3,6,6,0,0,0,0,0,0,0,0,0,0
Perciun,Torino,2,6,6,0,0,0,0,0,0,0,0,0,0
Cacciamani,Torino,1,6,6,0,0,0,0,0,0,0,0,0,0
El Azzouzi,Bologna,0,0,0,0,0,0,0,0,0,0,0,0,0
Jankto,Cagliari,0,0,0,0,0,0,0,0,0,0,0,0,0
Abildgaard,Como,0,0,0,0,0,0,0,0,0,0,0,0,0
Baselli,Como,1,6,6,0,0,0,0,0,0,0,0,0,0
Bellemo,Como,0,0,0,0,0,0,0,0,0,0,0,0,0
Kone B.,Como,1,6,6,0,0,0,0,0,0,0,1,0,0
Belardinelli,Empoli,0,0,0,0,0,0,0,0,0,0,0,0,0
Degli Innocenti,Empoli,0,0,0,0,0,0,0,0,0,0,0,0,0
Rafia,Lecce,18,5.78,5.67,0,0,0,0,0,0,0,4,0,0
Listkowski,Lecce,0,0,0,0,0,0,0,0,0,0,0,0,0
Marchwinski,Lecce,0,0,0,0,0,0,0,0,0,0,0,0,0
Valoti,Monza,1,6,5.5,0,0,0,0,0,0,0,1,0,0
Vignato S.,Monza,12,5.67,5.67,0,0,0,0,0,0,0,0,0,0
Cyprien,Parma,2,5.75,5.75,0,0,0,0,0,0,0,0,0,0
Jajalo,Venezia,0,0,0,0,0,0,0,0,0,0,0,0,0
Crnigoj,Venezia,5,5.9,5.9,0,0,0,0,0,0,0,0,0,0
Lella,Venezia,0,0,0,0,0,0,0,0,0,0,0,0,0
Adzic,Juventus,1,6,6,0,0,0,0,0,0,0,0,0,0
Liberali,Milan,1,6,6,0,0,0,0,0,0,0,0,0,0
El Haddad,Venezia,0,0,0,0,0,0,0,0,0,0,0,0,0
Cassa,Atalanta,0,0,0,0,0,0,0,0,0,0,0,0,0
Byar,Bologna,0,0,0,0,0,0,0,0,0,0,0,0,0
Cisse' A.,Verona,0,0,0,0,0,0,0,0,0,0,0,0,0
Alidou,Verona,2,5.5,5.5,0,0,0,0,0,0,0,0,0,0
Manzoni,Atalanta,0,0,0,0,0,0,0,0,0,0,0,0,0
Kouda,Parma,0,0,0,0,0,0,0,0,0,0,0,0,0
Vos,Milan,0,0,0,0,0,0,0,0,0,0,0,0,0
Hasa,Napoli,0,0,0,0,0,0,0,0,0,0,0,0,0
Arthur Melo,Juventus,0,0,0,0,0,0,0,0,0,0,0,0,0
Basic,Lazio,0,0,0,0,0,0,0,0,0,0,0,0,0
Melegoni,Genoa,3,6,6,0,0,0,0,0,0,0,0,0,0
Pafundi,Udinese,3,5.67,5.67,0,0,0,0,0,0,0,0,0,0
Ibrahimovic A.,Lazio,0,0,0,0,0,0,0,0,0,0,0,0,0
Alli,Como,1,4.5,3.5,0,0,0,0,0,0,0,0,1,0
Cuenca H.,Genoa,0,0,0,0,0,0,0,0,0,0,0,0,0
Retegui,Atalanta,36,6.5,8.67,25,0,0,5,4,1,7,2,0,0
Kean,Fiorentina,32,6.42,8.08,19,0,0,2,1,1,2,6,0,0
Lookman,Atalanta,31,6.42,7.94,15,0,0,1,1,0,4,4,0,0
Osimhen,Napoli,0,0,0,0,0,0,0,0,0,0,0,0,0
Thuram,Inter,32,6.33,7.75,14,0,0,0,0,0,4,1,0,0
Lukaku,Napoli,36,6.29,7.57,14,0,0,4,3,1,9,4,0,0
Martinez L.,Inter,31,6.19,7.44,12,0,0,0,0,0,3,1,0,0
Kvaratskhelia,Napoli,17,6.21,7.24,5,0,0,1,1,0,3,1,0,0
Pedro,Lazio,28,6.21,7.27,10,0,0,2,2,0,1,3,0,0
Gimenez,Milan,12,5.88,6.75,5,0,0,1,0,1,1,3,1,0
Vlahovic,Juventus,25,6.12,7.38,10,0,0,4,4,0,3,3,0,0
Dovbyk,Roma,32,6,7.19,12,0,0,2,2,0,2,0,0,0
Yildiz,Juventus,34,6.34,7.01,7,0,0,0,0,0,4,2,1,0
Castellanos,Lazio,29,6.29,7.17,10,0,0,3,2,1,3,7,1,0
Leao,Milan,34,6.19,7.06,8,0,0,0,0,0,8,5,0,0
Soule',Roma,23,6.24,7.04,5,0,0,0,0,0,5,3,0,0
De Ketelaere,Atalanta,34,6.19,6.94,7,0,0,0,0,0,5,1,0,0
Esposito Se.,Empoli,33,6.17,6.79,8,0,0,2,1,1,0,1,0,0
Gudmundsson A.,Fiorentina,21,6.12,6.98,6,0,0,2,2,0,1,2,0,0
Lucca,Udinese,33,6.11,7.05,12,0,0,1,1,0,0,10,0,0
Dia,Lazio,35,6.01,6.87,9,0,0,0,0,0,4,2,0,0
Krstovic,Lecce,37,6.05,6.92,11,0,0,3,2,1,5,6,0,0
Morata,Milan,16,6.09,6.88,5,0,0,0,0,0,0,5,0,0
Dybala,Roma,20,6.48,7.48,6,0,0,3,3,0,3,2,0,0
Adams C.,Torino,35,6,6.76,9,0,0,1,0,1,4,3,0,0
Kolo Muani,Juventus,16,6.22,7.78,8,0,0,1,1,0,1,0,0,0
Piccoli,Cagliari,37,6,6.76,10,0,0,1,1,0,1,6,0,0
Chiesa,Juventus,0,0,0,0,0,0,0,0,0,0,0,0,0
Raspadori,Napoli,18,6.19,7.22,6,0,0,0,0,0,1,1,0,0
Pohjanpalo,Venezia,20,6.05,6.78,6,0,0,4,3,1,0,1,0,0
Pinamonti,Genoa,36,5.96,6.68,10,0,0,1,0,1,1,4,0,0
Shomurodov,Roma,20,6.1,6.8,4,0,0,0,0,0,2,1,0,0
Dominguez B.,Bologna,20,6.28,6.82,3,0,0,0,0,0,2,0,0,0
Odgaard,Bologna,28,6.14,6.84,6,0,0,0,0,0,2,1,0,0
Castro S.,Bologna,33,6.17,6.76,8,0,0,1,0,1,4,8,0,1
Thauvin,Udinese,24,6.31,7.19,8,0,0,3,1,2,3,0,0,0
Cutrone,Como,33,6.02,6.67,7,0,0,1,0,1,4,1,0,0
Bonny,Parma,37,6.03,6.51,6,0,0,3,2,1,4,2,0,0
Cambiaghi,Bologna,17,6.15,6.5,1,0,0,0,0,0,3,0,0,0
Beltran L.,Fiorentina,30,5.98,6.42,5,0,0,3,2,1,4,6,0,0
Scamacca,Atalanta,0,0,0,0,0,0,0,0,0,0,0,0,0
Arnautovic,Inter,14,6.14,7.11,4,0,0,0,0,0,2,2,0,0
Colombo,Empoli,36,5.9,6.39,6,0,0,1,1,0,2,3,1,0
Tengstedt,Verona,23,5.91,6.7,6,0,0,1,1,0,1,2,0,0
Gonzalez N.,Juventus,23,5.96,6.37,3,0,0,0,0,0,2,3,0,0
Isaksen,Lazio,37,6.05,6.34,4,0,0,0,0,0,1,5,0,0
Djuric,Parma,23,6,6.61,5,0,0,0,0,0,1,4,0,0
Zapata D.,Torino,7,6.57,7.79,3,0,0,0,0,0,0,1,0,0
Mosquera,Verona,33,5.88,6.3,5,0,0,0,0,0,1,4,0,0
Correa,Inter,15,6.13,6.57,2,0,0,0,0,0,2,3,0,0
Sarr A.,Verona,29,5.86,6.26,4,0,0,0,0,0,0,1,0,0
Dallinga,Bologna,23,5.96,6.41,3,0,0,0,0,0,2,1,0,0
Jovic,Milan,12,5.88,6.33,2,0,0,0,0,0,0,1,0,0
Mota,Monza,31,5.84,6.31,5,0,0,0,0,0,1,3,0,0
Mbangula,Juventus,15,6.33,7.13,3,0,0,0,0,0,3,1,0,0
Joao Felix,Milan,12,6.04,6.42,2,0,0,0,0,0,0,3,0,0
Toure' E.,Atalanta,0,0,0,0,0,0,0,0,0,0,0,0,0
Caprari,Monza,30,5.97,6.28,3,0,0,2,2,0,2,3,0,0
Douvikas,Como,12,6.21,6.75,2,0,0,0,0,0,1,1,0,0
Luvumbo,Cagliari,26,5.98,6.25,2,0,0,0,0,0,2,2,0,0
Belotti,Como,12,5.96,6.42,2,0,0,0,0,0,0,1,0,0
Ekuban,Genoa,18,6,6.31,1,0,0,0,0,0,3,1,0,0
Noslin,Lazio,19,6,6.37,2,0,0,0,0,0,2,2,0,0
Pierotti,Lecce,35,5.81,6.1,4,0,0,0,0,0,1,4,1,0
Abraham,Milan,24,5.94,6.33,3,0,0,2,1,1,4,1,0,0
Gytkjaer,Venezia,17,5.79,6.15,2,0,0,1,1,0,0,0,0,0
Keita B.,Monza,10,5.9,6.4,2,0,0,0,0,0,0,2,0,0
Vitinha O.,Genoa,22,5.89,6.25,2,0,0,0,0,0,3,2,0,0
Cheddira,Napoli,0,0,0,0,0,0,0,0,0,0,0,0,0
Bravo,Udinese,16,6,6.28,2,0,0,0,0,0,0,3,0,0
Coman F.,Cagliari,9,6.06,6.28,1,0,0,0,0,0,0,2,0,0
Fila,Venezia,9,5.83,6.33,2,0,0,0,0,0,0,1,1,0
Pellegrino M.,Parma,11,6.14,6.86,3,0,0,0,0,0,0,2,0,0
Taremi,Inter,18,5.97,6.22,1,0,0,1,1,0,2,1,0,0
Simeone,Napoli,19,5.92,6.11,1,0,0,0,0,0,1,1,0,0
Davis K.,Udinese,16,6,6.38,2,0,0,0,0,0,1,2,0,0
Pavoletti,Cagliari,11,5.95,6.36,2,0,0,0,0,0,0,5,0,0
Nzola,Fiorentina,0,0,0,0,0,0,0,0,0,0,0,0,0
Cancellieri,Parma,25,5.76,6.04,3,0,0,0,0,0,0,2,1,0
Ekhator,Genoa,15,5.87,6.1,1,0,0,0,0,0,1,1,0,0
Karamoh,Torino,21,5.9,5.9,0,0,0,0,0,0,1,2,0,0
Caputo,Empoli,0,0,0,0,0,0,0,0,0,0,0,0,0
Kouame',Empoli,22,5.77,5.93,1,0,0,0,0,0,1,1,0,0
Charpentier,Parma,9,6.17,6.67,1,0,0,0,0,0,2,1,0,0
Sanabria,Torino,22,5.7,5.84,2,0,0,1,0,1,1,2,0,0
Rocha Livramento,Verona,22,5.8,5.89,1,0,0,0,0,0,1,2,1,0
Almqvist,Parma,26,5.79,5.85,1,0,0,0,0,0,1,5,0,0
Rebic,Lecce,18,5.89,5.92,1,0,0,0,0,0,0,3,1,0
Okafor,Napoli,12,5.88,6.12,1,0,0,0,0,0,0,0,0,0
Pellegri,Empoli,9,6.11,6.94,3,0,0,0,0,0,0,3,0,0
Pierini,Venezia,2,5.75,5.75,0,0,0,0,0,0,0,0,0,0
Tavsan,Verona,0,0,0,0,0,0,0,0,0,0,0,0,0
Ekong,Empoli,8,5.94,5.94,0,0,0,0,0,0,0,1,0,0
Haj Mohamed,Parma,11,5.91,6.05,1,0,0,0,0,0,0,4,0,0
N'Dri,Lecce,7,5.86,5.86,0,0,0,0,0,0,0,0,0,0
Ganvoula,Monza,7,5.5,5.5,0,0,0,0,0,0,0,0,0,0
Lapadula,Cagliari,10,5.75,5.7,0,0,0,0,0,0,0,1,0,0
Shpendi S.,Empoli,0,0,0,0,0,0,0,0,0,0,0,0,0
Mihaila,Parma,20,5.78,5.88,0,0,0,0,0,0,3,2,0,0
Brenner,Udinese,6,5.92,6.75,1,0,0,0,0,0,2,0,0,0
Success,Udinese,0,0,0,0,0,0,0,0,0,0,0,0,0
Sanchez,Udinese,9,5.83,5.83,0,0,0,0,0,0,0,0,0,0
Maric,Venezia,8,5.75,5.75,0,0,0,0,0,0,0,0,0,0
Mutandwa,Cagliari,5,5.9,5.9,0,0,0,0,0,0,0,0,0,0
Gabrielloni,Como,4,6.5,7.38,1,0,0,0,0,0,1,1,0,0
Banda,Lecce,13,5.77,5.81,0,0,0,0,0,0,1,1,0,0
Burnete,Lecce,1,5.5,5.5,0,0,0,0,0,0,0,0,0,0
Camarda,Milan,6,5.92,5.92,0,0,0,0,0,0,0,0,0,0
Ngonge,Napoli,6,5.75,5.67,0,0,0,0,0,0,0,2,0,0
Benedyczak,Parma,6,5.67,5.67,0,0,0,0,0,0,0,0,0,0
Partipilo,Parma,0,0,0,0,0,0,0,0,0,0,0,0,0
Solbakken,Empoli,18,5.67,5.61,0,0,0,0,0,0,0,2,0,0
Cerri,Como,3,5.17,5.17,0,0,0,0,0,0,0,0,0,0
Vlahovic V.,Atalanta,2,6,6,0,0,0,0,0,0,0,0,0,0
Lambourde,Verona,3,6.17,7.17,1,0,0,0,0,0,0,1,0,0
Balotelli,Genoa,3,6,5.83,0,0,0,0,0,0,0,2,0,0
Jasim,Como,0,0,0,0,0,0,0,0,0,0,0,0,0
Gioacchini,Como,0,0,0,0,0,0,0,0,0,0,0,0,0
Ankeye,Genoa,1,6,6,0,0,0,0,0,0,0,0,0,0
Milik,Juventus,0,0,0,0,0,0,0,0,0,0,0,0,0
Petagna,Monza,7,5.36,5.29,0,0,0,0,0,0,0,1,0,0
Joao Costa,Roma,0,0,0,0,0,0,0,0,0,0,0,0,0
Pizarro,Udinese,0,0,0,0,0,0,0,0,0,0,0,0,0
Cruz,Verona,0,0,0,0,0,0,0,0,0,0,0,0,0
Raimondo,Venezia,1,6,6,0,0,0,0,0,0,0,0,0,0
Njie,Torino,9,6,5.94,0,0,0,0,0,0,0,1,0,0
Kowalski,Parma,0,0,0,0,0,0,0,0,0,0,0,0,0
Sansone,Lecce,0,0,0,0,0,0,0,0,0,0,0,0,0
Pedrola,Bologna,0,0,0,0,0,0,0,0,0,0,0,0,0
Salama,Torino,0,0,0,0,0,0,0,0,0,0,0,0,0
Azon,Como,0,0,0,0,0,0,0,0,0,0,0,0,0
