Nome,Ruolo,Squadra,Media,FantaMedia,>= 6,MotM,Con voto,Senza voto,G,R,Reti,Rigori,Assist,Rigori sbagliati,Autogoal,Goal subiti,Rigori parati,Attivo
Martinez L.,Attaccante,Inter,6.50,8.25,1,0,2,0,1,0,1,0,1,0,0,0,0,True
Kean,Attaccante,Fiorentina,5.00,5.00,0,0,2,0,0,0,0,0,0,0,0,0,0,True
Thuram,Attaccante,Inter,7.00,10.50,2,1,2,0,0,0,2,0,1,0,0,0,0,True
Orsolini,Centrocampista,Bologna,6.50,8.00,2,1,2,0,0,0,1,0,0,0,0,0,0,True
Lukaku,Attaccante,Napoli,0.00,0.00,0,0,0,0,0,0,0,0,0,0,0,0,0,True
Lookman,Attaccante,Atalanta,0.00,0.00,0,0,0,0,0,0,0,0,0,0,0,0,0,True
Pulisic,Centrocampista,Milan,6.50,8.00,2,0,2,0,0,0,1,0,0,0,0,0,0,True
David,Attaccante,Juventus,6.00,7.50,1,0,2,0,0,0,1,0,0,0,0,0,0,True
Vlahovic,Attaccante,Juventus,7.00,10.00,2,1,2,0,0,0,2,0,0,0,0,0,0,True
Zaccagni,Centrocampista,Lazio,6.25,7.50,1,0,2,0,1,0,1,0,0,0,0,0,0,True
McTominay,Centrocampista,Napoli,6.75,8.25,2,1,2,0,0,0,1,0,0,0,0,0,0,True
Dybala,Attaccante,Roma,6.50,6.50,2,0,2,0,0,0,0,0,0,0,0,0,0,True
Yildiz,Attaccante,Juventus,6.75,7.75,2,1,2,0,0,0,0,0,2,0,0,0,0,True
Gudmundsson A.,Centrocampista,Fiorentina,5.75,6.25,1,0,2,0,0,0,0,0,1,0,0,0,0,True
Gimenez,Attaccante,Milan,5.25,5.25,0,0,2,0,0,0,0,0,0,0,0,0,0,True
Hojlund,Attaccante,Napoli,0.00,0.00,0,0,0,0,0,0,0,0,0,0,0,0,0,True
Leao,Attaccante,Milan,0.00,0.00,0,0,0,0,0,0,0,0,0,0,0,0,0,True
De Bruyne,Centrocampista,Napoli,6.25,7.50,1,0,2,0,1,0,1,0,0,0,0,0,0,True
Rabiot,Centrocampista,Milan,0.00,0.00,0,0,0,0,0,0,0,0,0,0,0,0,0,True
Calhanoglu,Centrocampista,Inter,5.00,5.00,0,0,1,0,0,0,0,0,0,0,0,0,0,True
Castellanos,Attaccante,Lazio,7.00,9.25,1,1,2,0,1,0,1,0,2,0,0,0,0,True
Openda,Attaccante,Juventus,0.00,0.00,0,0,0,0,0,0,0,0,0,0,0,0,0,True
De Ketelaere,Attaccante,Atalanta,5.75,5.75,1,0,2,0,0,0,0,0,0,0,0,0,0,True
Paz N.,Centrocampista,Como,7.00,8.75,2,1,2,0,1,0,1,0,1,0,0,0,0,True
Dumfries,Difensore,Inter,6.50,8.00,2,0,2,0,0,0,1,0,0,0,0,0,0,True
Dia,Attaccante,Lazio,6.25,7.75,1,0,2,0,0,0,1,0,0,0,0,0,0,True
Berardi,Attaccante,Sassuolo,6.50,7.75,2,0,2,0,1,0,0,1,0,0,0,0,0,True
Scamacca,Attaccante,Atalanta,6.50,8.00,2,1,2,0,0,0,1,0,0,0,0,0,0,True
Castro S.,Attaccante,Bologna,6.50,7.00,2,0,2,0,0,0,0,0,1,0,0,0,0,True
Krstovic,Attaccante,Atalanta,6.00,6.50,1,0,2,0,0,0,0,0,1,0,0,0,0,True
Soulè,Attaccante,Roma,6.00,7.50,1,1,2,0,0,0,1,0,0,0,0,0,0,True
Dovbyk,Attaccante,Roma,5.50,5.50,0,0,2,0,0,0,0,0,0,0,0,0,0,True
Nkunku,Attaccante,Milan,0.00,0.00,0,0,0,0,0,0,0,0,0,0,0,0,0,True
Immobile,Attaccante,Bologna,6.00,6.00,1,0,1,0,0,0,0,0,0,0,0,0,0,True
Dimarco,Difensore,Inter,6.25,6.25,2,0,2,0,0,0,0,0,0,0,0,0,0,True
Ferguson E.,Attaccante,Roma,6.50,6.75,2,0,2,0,1,0,0,0,1,0,0,0,0,True
Zapata D.,Attaccante,Torino,0.00,0.00,0,0,0,0,0,0,0,0,0,0,0,0,0,True
Zhegrova,Centrocampista,Juventus,0.00,0.00,0,0,0,0,0,0,0,0,0,0,0,0,0,True
Gosens,Difensore,Fiorentina,6.25,6.25,2,0,2,0,0,0,0,0,0,0,0,0,0,True
Conceicao,Centrocampista,Juventus,6.25,6.25,2,0,2,0,0,0,0,0,0,0,0,0,0,True
Lang,Attaccante,Napoli,0.00,0.00,0,0,0,2,0,0,0,0,0,0,0,0,0,True
Morata,Attaccante,Como,5.75,5.75,1,0,2,0,0,0,0,0,0,0,0,0,0,True
Piccoli,Attaccante,Fiorentina,6.00,6.00,1,0,1,0,0,0,0,0,0,0,0,0,0,True
Bastoni,Difensore,Inter,6.50,8.50,1,0,2,0,0,0,1,0,1,0,0,0,0,True
Di Gregorio,Portiere,Juventus,6.25,7.25,2,0,2,0,0,0,0,0,0,0,0,0,0,True
Zortea,Difensore,Bologna,5.75,5.75,1,0,2,0,0,0,0,0,0,0,0,0,0,True
Diao,Attaccante,Como,0.00,0.00,0,0,0,0,0,0,0,0,0,0,0,0,0,True
Sommer,Portiere,Inter,6.00,5.50,2,0,2,0,0,0,0,0,0,0,0,2,0,True
Thuram K.,Centrocampista,Juventus,6.25,6.25,2,0,2,0,0,0,0,0,0,0,0,0,0,True
Maignan,Portiere,Milan,6.00,5.50,2,0,2,0,0,0,0,0,0,0,0,2,0,True
Meret,Portiere,Napoli,6.00,7.00,2,0,2,0,0,0,0,0,0,0,0,0,0,True
Zambo Anguissa,Centrocampista,Napoli,7.00,8.50,2,1,2,0,0,0,1,0,0,0,0,0,0,True
Politano,Centrocampista,Napoli,6.75,7.25,2,0,2,0,0,0,0,0,1,0,0,0,0,True
Svilar,Portiere,Roma,6.25,7.25,2,0,2,0,0,0,0,0,0,0,0,0,0,True
Pinamonti,Attaccante,Sassuolo,6.00,7.50,1,0,2,0,0,0,1,0,0,0,0,0,0,True
Odgaard,Centrocampista,Bologna,5.50,5.50,1,0,2,0,0,0,0,0,0,0,0,0,0,True
Mandragora,Centrocampista,Fiorentina,6.50,8.00,2,0,2,0,0,0,1,0,0,0,0,0,0,True
Angelino,Difensore,Roma,5.75,5.75,1,0,2,0,0,0,0,0,0,0,0,0,0,True
Wesley,Difensore,Roma,6.50,8.00,2,1,2,0,0,0,1,0,0,0,0,0,0,True
Bailey,Centrocampista,Roma,0.00,0.00,0,0,0,0,0,0,0,0,0,0,0,0,0,True
Orban G.,Attaccante,Verona,0.00,0.00,0,0,0,0,0,0,0,0,0,0,0,0,0,True
Vardy,Attaccante,Cremonese,0.00,0.00,0,0,0,0,0,0,0,0,0,0,0,0,0,True
Carnesecchi,Portiere,Atalanta,6.25,5.25,2,0,2,0,0,0,0,0,0,0,0,2,0,True
Ederson D.S.,Centrocampista,Atalanta,5.50,5.50,0,0,1,0,0,0,0,0,0,0,0,0,0,True
De Gea,Portiere,Fiorentina,6.00,6.00,1,1,2,0,0,0,0,0,0,0,0,1,0,True
Dzeko,Attaccante,Fiorentina,0.00,0.00,0,0,0,1,0,0,0,0,0,0,0,0,0,True
Barella,Centrocampista,Inter,6.00,6.50,1,0,2,0,0,0,0,0,1,0,0,0,0,True
Cambiaso,Difensore,Juventus,4.50,3.50,0,0,1,0,0,1,0,0,0,0,0,0,0,True
Koopmeiners,Centrocampista,Juventus,6.00,5.75,2,0,2,0,1,0,0,0,0,0,0,0,0,True
Di Lorenzo,Difensore,Napoli,6.00,6.00,2,0,2,0,0,0,0,0,0,0,0,0,0,True
Lucca,Attaccante,Napoli,5.50,5.25,0,0,2,0,1,0,0,0,0,0,0,0,0,True
Konè M.,Centrocampista,Roma,6.50,6.50,2,0,2,0,0,0,0,0,0,0,0,0,0,True
Laurientè,Attaccante,Sassuolo,5.50,5.50,0,0,2,0,0,0,0,0,0,0,0,0,0,True
Vlasic,Centrocampista,Torino,5.75,5.50,1,0,2,0,1,0,0,0,0,0,0,0,0,True
Rowe,Centrocampista,Bologna,0.00,0.00,0,0,0,0,0,0,0,0,0,0,0,0,0,True
Bellanova,Difensore,Atalanta,5.75,5.75,1,0,2,0,0,0,0,0,0,0,0,0,0,True
Zappacosta,Difensore,Atalanta,6.00,6.00,1,0,1,0,0,0,0,0,0,0,0,0,0,True
Kuhn,Attaccante,Como,5.50,5.50,0,0,1,1,0,0,0,0,0,0,0,0,0,True
Vandeputte,Centrocampista,Cremonese,6.50,7.00,2,0,2,0,0,0,0,0,1,0,0,0,0,True
Frattesi,Centrocampista,Inter,0.00,0.00,0,0,0,0,0,0,0,0,0,0,0,0,0,True
Bremer,Difensore,Juventus,6.25,6.25,2,0,2,0,0,0,0,0,0,0,0,0,0,True
Locatelli,Centrocampista,Juventus,6.50,6.50,2,0,2,0,0,0,0,0,0,0,0,0,0,True
Isaksen,Centrocampista,Lazio,0.00,0.00,0,0,0,0,0,0,0,0,0,0,0,0,0,True
Pedro,Attaccante,Lazio,5.75,5.75,1,0,2,0,0,0,0,0,0,0,0,0,0,True
Modric,Centrocampista,Milan,6.50,7.00,2,0,2,0,0,0,0,0,1,0,0,0,0,True
Buongiorno,Difensore,Napoli,6.50,7.50,1,0,1,0,0,0,0,0,1,0,0,0,0,True
Neres,Centrocampista,Napoli,6.00,6.00,1,0,1,0,0,0,0,0,0,0,0,0,0,True
Pellegrino M.,Attaccante,Parma,6.00,6.00,2,0,2,0,0,0,0,0,0,0,0,0,0,True
Adams C.,Attaccante,Torino,5.50,5.50,0,0,2,0,0,0,0,0,0,0,0,0,0,True
Davis K.,Attaccante,Udinese,6.75,8.50,1,1,2,0,1,0,0,1,1,0,0,0,0,True
Stulic,Attaccante,Lecce,5.50,5.50,0,0,1,0,0,0,0,0,0,0,0,0,0,True
De Roon,Centrocampista,Atalanta,6.00,5.75,1,0,2,0,1,0,0,0,0,0,0,0,0,True
Luvumbo,Attaccante,Cagliari,6.25,6.25,2,0,2,0,0,0,0,0,0,0,0,0,0,True
Da Cunha,Centrocampista,Como,6.25,6.25,2,0,2,0,0,0,0,0,0,0,0,0,0,True
Dodò,Difensore,Fiorentina,6.50,6.50,2,0,2,0,0,0,0,0,0,0,0,0,0,True
Provedel,Portiere,Lazio,6.00,5.50,2,0,2,0,0,0,0,0,0,0,0,2,0,True
Tavares N.,Difensore,Lazio,5.50,5.50,1,0,2,0,0,0,0,0,0,0,0,0,0,True
Guendouzi,Centrocampista,Lazio,6.25,7.50,1,0,2,0,1,0,1,0,0,0,0,0,0,True
Estupinan,Difensore,Milan,6.00,6.50,2,0,2,0,0,0,0,0,1,0,0,0,0,True
Saelemaekers,Centrocampista,Milan,6.25,6.25,2,0,2,0,0,0,0,0,0,0,0,0,0,True
Ondrejka,Centrocampista,Parma,0.00,0.00,0,0,0,0,0,0,0,0,0,0,0,0,0,True
Tramoni M.,Centrocampista,Pisa,5.75,5.75,1,0,2,0,0,0,0,0,0,0,0,0,0,True
Casadei,Centrocampista,Torino,6.00,6.00,1,0,2,0,0,0,0,0,0,0,0,0,0,True
Jashari,Centrocampista,Milan,5.50,5.50,0,0,1,0,0,0,0,0,0,0,0,0,0,True
Nzola,Attaccante,Pisa,5.75,5.75,1,0,2,0,0,0,0,0,0,0,0,0,0,True
Oristanio,Centrocampista,Parma,6.50,6.00,1,0,1,0,1,0,0,0,0,0,0,0,0,True
Belotti,Attaccante,Cagliari,0.00,0.00,0,0,0,0,0,0,0,0,0,0,0,0,0,True
Pasalic,Centrocampista,Atalanta,6.50,8.50,2,0,2,0,0,0,1,0,1,0,0,0,0,True
Samardzic,Centrocampista,Atalanta,0.00,0.00,0,0,0,1,0,0,0,0,0,0,0,0,0,True
Skorupski,Portiere,Bologna,6.00,6.00,2,0,2,0,0,0,0,0,0,0,0,1,0,True
Freuler,Centrocampista,Bologna,6.25,6.00,2,0,2,0,1,0,0,0,0,0,0,0,0,True
Cambiaghi,Attaccante,Bologna,5.75,5.50,1,0,2,0,1,0,0,0,0,0,0,0,0,True
Butez,Portiere,Como,6.00,6.00,2,0,2,0,0,0,0,0,0,0,0,1,0,True
Caqueret,Centrocampista,Como,0.00,0.00,0,0,0,1,0,0,0,0,0,0,0,0,0,True
Cutrone,Attaccante,Parma,7.00,10.00,1,1,1,0,0,0,1,0,0,0,0,0,0,True
Vazquez,Centrocampista,Cremonese,7.00,10.00,1,0,1,0,0,0,1,0,0,0,0,0,0,True
Fazzini,Centrocampista,Fiorentina,6.00,6.00,1,0,1,1,0,0,0,0,0,0,0,0,0,True
Gronbaek,Centrocampista,Genoa,5.50,5.50,0,0,1,0,0,0,0,0,0,0,0,0,0,True
Carboni V.,Centrocampista,Genoa,5.75,5.75,1,0,2,0,0,0,0,0,0,0,0,0,0,True
Colombo,Attaccante,Genoa,5.25,5.25,0,0,2,0,0,0,0,0,0,0,0,0,0,True
Vitinha O.,Attaccante,Genoa,0.00,0.00,0,0,0,2,0,0,0,0,0,0,0,0,0,True
Dele-Bashiru,Centrocampista,Lazio,5.50,5.50,1,0,2,0,0,0,0,0,0,0,0,0,0,True
Camarda,Attaccante,Lecce,5.25,5.25,0,0,2,0,0,0,0,0,0,0,0,0,0,True
Fofana Y.,Centrocampista,Milan,5.50,5.50,1,0,2,0,0,0,0,0,0,0,0,0,0,True
Rrahmani,Difensore,Napoli,6.25,6.25,2,0,2,0,0,0,0,0,0,0,0,0,0,True
Bernabè,Centrocampista,Parma,6.25,6.25,2,0,2,0,0,0,0,0,0,0,0,0,0,True
Sohm,Centrocampista,Fiorentina,5.75,5.50,1,0,2,0,1,0,0,0,0,0,0,0,0,True
Mancini,Difensore,Roma,6.25,6.00,2,0,2,0,1,0,0,0,0,0,0,0,0,True
NDicka,Difensore,Roma,6.50,6.50,2,0,2,0,0,0,0,0,0,0,0,0,0,True
Solet,Difensore,Udinese,6.25,6.25,1,0,2,0,0,0,0,0,0,0,0,0,0,True
Stengs,Centrocampista,Pisa,0.00,0.00,0,0,0,1,0,0,0,0,0,0,0,0,0,True
Elmas,Centrocampista,Napoli,0.00,0.00,0,0,0,0,0,0,0,0,0,0,0,0,0,True
Zaniolo,Centrocampista,Udinese,0.00,0.00,0,0,0,0,0,0,0,0,0,0,0,0,0,True
Hien,Difensore,Atalanta,5.25,3.50,0,0,2,0,1,0,0,0,0,0,1,0,0,True
Fabbian,Centrocampista,Bologna,6.00,6.00,2,0,2,0,0,0,0,0,0,0,0,0,0,True
Ferguson,Centrocampista,Bologna,0.00,0.00,0,0,0,0,0,0,0,0,0,0,0,0,0,True
Dallinga,Attaccante,Bologna,6.00,6.00,1,0,1,0,0,0,0,0,0,0,0,0,0,True
Vasquez,Difensore,Genoa,6.25,6.25,2,0,2,0,0,0,0,0,0,0,0,0,0,True
Martin,Difensore,Genoa,6.00,5.75,2,0,2,0,1,0,0,0,0,0,0,0,0,True
Carlos Augusto,Difensore,Inter,6.00,6.00,1,0,1,1,0,0,0,0,0,0,0,0,0,True
Pierotti,Centrocampista,Lecce,6.00,6.00,1,0,1,0,0,0,0,0,0,0,0,0,0,True
Ricci S.,Centrocampista,Milan,6.00,6.00,1,0,1,0,0,0,0,0,0,0,0,0,0,True
Olivera,Difensore,Napoli,6.00,6.00,1,0,1,1,0,0,0,0,0,0,0,0,0,True
Valeri,Difensore,Parma,5.75,5.75,1,0,2,0,0,0,0,0,0,0,0,0,0,True
Cristante,Centrocampista,Roma,6.25,6.25,2,0,2,0,0,0,0,0,0,0,0,0,0,True
Pellegrini Lo.,Centrocampista,Roma,0.00,0.00,0,0,0,0,0,0,0,0,0,0,0,0,0,True
Ekkelenkamp,Centrocampista,Udinese,6.00,6.00,1,0,1,0,0,0,0,0,0,0,0,0,0,True
Sottil,Centrocampista,Lecce,5.50,5.50,0,0,2,0,0,0,0,0,0,0,0,0,0,True
Luperto,Difensore,Cagliari,6.75,8.25,2,1,2,0,0,0,1,0,0,0,0,0,0,True
Folorunsho,Centrocampista,Cagliari,6.00,6.00,2,0,2,0,0,0,0,0,0,0,0,0,0,True
Douvikas,Attaccante,Como,6.25,7.75,1,0,2,0,0,0,1,0,0,0,0,0,0,True
Collocolo,Centrocampista,Cremonese,6.50,6.50,2,0,2,0,0,0,0,0,0,0,0,0,0,True
De Luca,Attaccante,Cremonese,7.00,10.00,1,1,1,1,0,0,0,1,0,0,0,0,0,True
Leali,Portiere,Genoa,6.50,6.50,2,0,2,0,0,0,0,0,0,0,0,1,0,True
Frendrup,Centrocampista,Genoa,6.00,6.00,2,1,2,0,0,0,0,0,0,0,0,0,0,True
Acerbi,Difensore,Inter,6.00,6.00,1,0,2,0,0,0,0,0,0,0,0,0,0,True
Sucic P.,Centrocampista,Inter,6.00,6.50,1,0,2,0,0,0,0,0,1,0,0,0,0,True
Mkhitaryan,Centrocampista,Inter,6.00,6.00,1,0,2,0,0,0,0,0,0,0,0,0,0,True
Kalulu,Difensore,Juventus,5.75,5.75,1,0,2,0,0,0,0,0,0,0,0,0,0,True
McKennie,Centrocampista,Juventus,0.00,0.00,0,0,0,2,0,0,0,0,0,0,0,0,0,True
Gila,Difensore,Lazio,5.75,5.75,1,0,2,0,0,0,0,0,0,0,0,0,0,True
Baschirotto,Difensore,Cremonese,6.75,8.25,1,0,2,0,0,0,1,0,0,0,0,0,0,True
Tete Morente,Centrocampista,Lecce,5.75,5.50,1,0,2,0,1,0,0,0,0,0,0,0,0,True
Pavlovic,Difensore,Milan,6.50,8.00,2,0,2,0,0,0,1,0,0,0,0,0,0,True
Loftus-Cheek,Centrocampista,Milan,6.25,7.75,1,1,2,0,0,0,1,0,0,0,0,0,0,True
Beukema,Difensore,Napoli,0.00,0.00,0,0,0,0,0,0,0,0,0,0,0,0,0,True
Lobotka,Centrocampista,Napoli,6.00,6.00,2,0,2,0,0,0,0,0,0,0,0,0,0,True
Delprato,Difensore,Parma,6.25,6.25,2,0,2,0,0,0,0,0,0,0,0,0,0,True
El Aynaoui,Centrocampista,Roma,6.00,6.00,1,0,1,1,0,0,0,0,0,0,0,0,0,True
Anjorin,Centrocampista,Torino,0.00,0.00,0,0,0,1,0,0,0,0,0,0,0,0,0,True
Lovric,Centrocampista,Udinese,6.50,7.50,1,0,1,0,0,0,0,0,1,0,0,0,0,True
Buksa,Attaccante,Udinese,6.00,6.00,1,0,1,0,0,0,0,0,0,0,0,0,0,True
Nicolussi Caviglia,Centrocampista,Fiorentina,0.00,0.00,0,0,0,0,0,0,0,0,0,0,0,0,0,True
Akanji,Difensore,Inter,0.00,0.00,0,0,0,0,0,0,0,0,0,0,0,0,0,True
Djimsiti,Difensore,Atalanta,5.50,5.50,1,0,2,0,0,0,0,0,0,0,0,0,0,True
Scalvini,Difensore,Atalanta,5.50,5.50,0,0,2,0,0,0,0,0,0,0,0,0,0,True
Kossounou,Difensore,Atalanta,0.00,0.00,0,0,0,1,0,0,0,0,0,0,0,0,0,True
Maldini,Centrocampista,Atalanta,5.50,5.25,0,0,2,0,1,0,0,0,0,0,0,0,0,True
Sulemana K.,Attaccante,Atalanta,5.75,5.50,1,0,2,0,1,0,0,0,0,0,0,0,0,True
Lucumì,Difensore,Bologna,5.75,5.50,1,0,2,0,1,0,0,0,0,0,0,0,0,True
Vitik,Difensore,Bologna,6.00,5.75,2,0,2,0,1,0,0,0,0,0,0,0,0,True
Miranda J.,Difensore,Bologna,0.00,0.00,0,0,0,1,0,0,0,0,0,0,0,0,0,True
Bernardeschi,Centrocampista,Bologna,0.00,0.00,0,0,0,1,0,0,0,0,0,0,0,0,0,True
Dominguez B.,Attaccante,Bologna,0.00,0.00,0,0,0,0,0,0,0,0,0,0,0,0,0,True
Caprile,Portiere,Cagliari,6.25,5.25,2,0,2,0,0,0,0,0,0,0,0,2,0,True
Gaetano,Centrocampista,Cagliari,6.00,6.50,1,0,2,0,0,0,0,0,1,0,0,0,0,True
Perrone,Centrocampista,Como,6.00,5.75,1,0,2,0,1,0,0,0,0,0,0,0,0,True
Baturina,Centrocampista,Como,0.00,0.00,0,0,0,1,0,0,0,0,0,0,0,0,0,True
Comuzzo,Difensore,Fiorentina,6.25,6.25,2,0,2,0,0,0,0,0,0,0,0,0,0,True
Ranieri L.,Difensore,Fiorentina,6.25,6.25,2,0,2,0,0,0,0,0,0,0,0,0,0,True
Fagioli,Centrocampista,Fiorentina,5.75,5.75,1,0,2,0,0,0,0,0,0,0,0,0,0,True
Malinovskyi,Centrocampista,Genoa,6.00,6.00,1,0,1,0,0,0,0,0,0,0,0,0,0,True
Stanciu,Centrocampista,Genoa,6.00,6.00,2,0,2,0,0,0,0,0,0,0,0,0,0,True
Bisseck,Difensore,Inter,5.00,5.00,0,0,1,0,0,0,0,0,0,0,0,0,0,True
De Vrij,Difensore,Inter,0.00,0.00,0,0,0,0,0,0,0,0,0,0,0,0,0,True
Gatti,Difensore,Juventus,6.25,6.00,2,0,2,0,1,0,0,0,0,0,0,0,0,True
Joao Mario,Difensore,Juventus,6.00,5.75,2,0,2,0,1,0,0,0,0,0,0,0,0,True
Marusic,Difensore,Lazio,5.75,5.75,1,0,2,0,0,0,0,0,0,0,0,0,0,True
Rovella,Centrocampista,Lazio,6.00,6.50,1,0,2,0,0,0,0,0,1,0,0,0,0,True
Gaspar K.,Difensore,Lecce,5.75,5.50,1,0,2,0,1,0,0,0,0,0,0,0,0,True
Coulibaly L.,Centrocampista,Lecce,6.25,6.25,2,0,2,0,0,0,0,0,0,0,0,0,0,True
Tomori,Difensore,Milan,6.00,6.00,2,0,2,0,0,0,0,0,0,0,0,0,0,True
Simeone,Attaccante,Torino,5.75,5.75,1,0,2,0,0,0,0,0,0,0,0,0,0,True
Djuric,Attaccante,Parma,0.00,0.00,0,0,0,1,0,0,0,0,0,0,0,0,0,True
El Shaarawy,Centrocampista,Roma,6.00,6.00,2,0,2,0,0,0,0,0,0,0,0,0,0,True
Israel,Portiere,Torino,5.75,3.75,1,0,2,0,0,0,0,0,0,0,0,5,0,True
Coco,Difensore,Torino,5.50,5.50,1,0,2,0,0,0,0,0,0,0,0,0,0,True
Biraghi,Difensore,Torino,5.50,5.50,1,0,2,0,0,0,0,0,0,0,0,0,0,True
Ngonge,Attaccante,Torino,5.25,5.25,0,0,2,0,0,0,0,0,0,0,0,0,0,True
Sanabria,Attaccante,Cremonese,6.25,6.50,2,0,2,0,1,0,0,0,1,0,0,0,0,True
Atta,Centrocampista,Udinese,6.75,8.25,2,0,2,0,0,0,1,0,0,0,0,0,0,True
Suslov,Centrocampista,Verona,0.00,0.00,0,0,0,0,0,0,0,0,0,0,0,0,0,True
Aboukhlal,Attaccante,Torino,5.50,5.50,0,0,1,1,0,0,0,0,0,0,0,0,0,True
Brescianini,Centrocampista,Atalanta,0.00,0.00,0,0,0,1,0,0,0,0,0,0,0,0,0,True
Holm,Difensore,Bologna,0.00,0.00,0,0,0,0,0,0,0,0,0,0,0,0,0,True
Pobega,Centrocampista,Bologna,5.50,5.25,1,0,2,0,1,0,0,0,0,0,0,0,0,True
Mina,Difensore,Cagliari,5.75,5.75,1,0,2,0,0,0,0,0,0,0,0,0,0,True
Vojvoda,Difensore,Como,6.50,6.25,2,0,2,0,1,0,0,0,0,0,0,0,0,True
De Winter,Difensore,Milan,0.00,0.00,0,0,0,0,0,0,0,0,0,0,0,0,0,True
Messias,Centrocampista,Genoa,5.50,5.50,0,0,1,0,0,0,0,0,0,0,0,0,0,True
Zalewski,Centrocampista,Atalanta,6.25,6.25,2,0,2,0,0,0,0,0,0,0,0,0,0,True
Esposito Se.,Attaccante,Cagliari,6.00,6.00,2,0,2,0,0,0,0,0,0,0,0,0,0,True
Bonny,Attaccante,Inter,7.00,10.00,1,0,1,1,0,0,1,0,0,0,0,0,0,True
Esposito F.P.,Attaccante,Inter,6.00,6.00,1,0,1,0,0,0,0,0,0,0,0,0,0,True
Kelly L.,Difensore,Juventus,6.00,6.00,2,0,2,0,0,0,0,0,0,0,0,0,0,True
Romagnoli,Difensore,Lazio,0.00,0.00,0,0,0,0,0,0,0,0,0,0,0,0,0,True
Falcone,Portiere,Lecce,6.75,6.25,2,0,2,0,0,0,0,0,0,0,0,2,0,True
Ramadani,Centrocampista,Lecce,6.00,6.00,2,0,2,0,0,0,0,0,0,0,0,0,0,True
Helgason,Centrocampista,Lecce,0.00,0.00,0,0,0,1,0,0,0,0,0,0,0,0,0,True
Gabbia,Difensore,Milan,6.00,6.00,2,0,2,0,0,0,0,0,0,0,0,0,0,True
Spinazzola,Difensore,Napoli,6.00,6.00,1,0,1,1,0,0,0,0,0,0,0,0,0,True
Suzuki,Portiere,Parma,6.25,4.50,2,0,2,0,1,0,0,0,0,0,0,3,0,True
Tourè I.,Centrocampista,Pisa,6.50,6.50,2,0,2,0,0,0,0,0,0,0,0,0,0,True
Baldanzi,Centrocampista,Roma,0.00,0.00,0,0,0,0,0,0,0,0,0,0,0,0,0,True
Thorstvedt,Centrocampista,Sassuolo,0.00,0.00,0,0,0,0,0,0,0,0,0,0,0,0,0,True
Ismajli,Difensore,Torino,0.00,0.00,0,0,0,0,0,0,0,0,0,0,0,0,0,True
Maripan,Difensore,Torino,6.50,6.50,1,0,1,0,0,0,0,0,0,0,0,0,0,True
Ilic,Centrocampista,Torino,6.00,6.00,1,0,1,0,0,0,0,0,0,0,0,0,0,True
Kristensen T.,Difensore,Udinese,6.75,8.25,2,0,2,0,0,0,1,0,0,0,0,0,0,True
Kamara H.,Difensore,Udinese,6.00,6.00,1,0,1,0,0,0,0,0,0,0,0,0,0,True
Karlstrom,Centrocampista,Udinese,6.25,6.25,2,0,2,0,0,0,0,0,0,0,0,0,0,True
Harroui,Centrocampista,Verona,5.75,5.75,1,0,2,0,0,0,0,0,0,0,0,0,0,True
Sarr A.,Attaccante,Verona,5.25,5.25,0,0,2,0,0,0,0,0,0,0,0,0,0,True
Mosquera,Attaccante,Verona,6.00,6.00,2,0,2,0,0,0,0,0,0,0,0,0,0,True
Cuadrado,Difensore,Pisa,5.75,5.75,1,0,2,0,0,0,0,0,0,0,0,0,0,True
Idzes,Difensore,Sassuolo,5.50,5.50,0,0,1,0,0,0,0,0,0,0,0,0,0,True
Gutierrez,Difensore,Napoli,0.00,0.00,0,0,0,0,0,0,0,0,0,0,0,0,0,True
Lorran,Centrocampista,Pisa,0.00,0.00,0,0,0,0,0,0,0,0,0,0,0,0,0,True
Cornet,Centrocampista,Genoa,0.00,0.00,0,0,0,0,0,0,0,0,0,0,0,0,0,True
Kolasinac,Difensore,Atalanta,0.00,0.00,0,0,0,0,0,0,0,0,0,0,0,0,0,True
Ahanor,Difensore,Atalanta,0.00,0.00,0,0,0,0,0,0,0,0,0,0,0,0,0,True
Zappa,Difensore,Cagliari,6.00,5.75,2,0,2,0,1,0,0,0,0,0,0,0,0,True
Adopo,Centrocampista,Cagliari,6.00,6.00,2,0,2,0,0,0,0,0,0,0,0,0,0,True
Deiola,Centrocampista,Cagliari,6.00,6.00,2,0,2,0,0,0,0,0,0,0,0,0,0,True
Felici,Centrocampista,Cagliari,0.00,0.00,0,0,0,0,0,0,0,0,0,0,0,0,0,True
Kempf,Difensore,Como,6.00,6.00,2,0,2,0,0,0,0,0,0,0,0,0,0,True
Valle,Difensore,Como,6.00,6.00,1,0,2,0,0,0,0,0,0,0,0,0,0,True
Addai,Attaccante,Como,0.00,0.00,0,0,0,0,0,0,0,0,0,0,0,0,0,True
Rodriguez Je.,Attaccante,Como,6.00,6.00,1,0,2,0,0,0,0,0,0,0,0,0,0,True
Audero,Portiere,Cremonese,6.25,4.75,2,0,2,0,0,0,0,0,0,0,0,3,0,True
Pezzella Giu.,Difensore,Cremonese,6.25,6.75,2,0,2,0,0,0,0,0,1,0,0,0,0,True
Valoti,Centrocampista,Cremonese,0.00,0.00,0,0,0,0,0,0,0,0,0,0,0,0,0,True
Johnsen,Attaccante,Cremonese,0.00,0.00,0,0,0,0,0,0,0,0,0,0,0,0,0,True
Okereke,Attaccante,Cremonese,6.00,6.00,2,0,2,0,0,0,0,0,0,0,0,0,0,True
Marì,Difensore,Fiorentina,5.00,4.50,0,0,1,0,1,0,0,0,0,0,0,0,0,True
Masini,Centrocampista,Genoa,6.25,6.25,2,0,2,0,0,0,0,0,0,0,0,0,0,True
Ellertsson,Centrocampista,Genoa,6.25,6.25,2,0,2,0,0,0,0,0,0,0,0,0,0,True
Luis Henrique,Centrocampista,Inter,0.00,0.00,0,0,0,1,0,0,0,0,0,0,0,0,0,True
Vecino,Centrocampista,Lazio,0.00,0.00,0,0,0,0,0,0,0,0,0,0,0,0,0,True
Noslin,Attaccante,Lazio,0.00,0.00,0,0,0,0,0,0,0,0,0,0,0,0,0,True
Gallo,Difensore,Lecce,6.00,6.00,1,0,2,0,0,0,0,0,0,0,0,0,0,True
Maleh,Centrocampista,Lecce,0.00,0.00,0,0,0,0,0,0,0,0,0,0,0,0,0,True
Pierret,Centrocampista,Lecce,0.00,0.00,0,0,0,1,0,0,0,0,0,0,0,0,0,True
Musah,Centrocampista,Atalanta,6.50,6.50,1,0,1,0,0,0,0,0,0,0,0,0,0,True
Gilmour,Centrocampista,Napoli,0.00,0.00,0,0,0,1,0,0,0,0,0,0,0,0,0,True
Keita M.,Centrocampista,Parma,5.25,5.25,0,0,2,0,0,0,0,0,0,0,0,0,0,True
Hernani,Centrocampista,Parma,0.00,0.00,0,0,0,0,0,0,0,0,0,0,0,0,0,True
Angori,Difensore,Pisa,6.00,6.00,1,0,2,0,0,0,0,0,0,0,0,0,0,True
Piccinini G.,Centrocampista,Pisa,6.00,6.00,1,0,1,0,0,0,0,0,0,0,0,0,0,True
Marin M.,Centrocampista,Pisa,5.75,5.50,1,0,2,0,1,0,0,0,0,0,0,0,0,True
Moreo,Attaccante,Pisa,6.00,6.00,1,0,2,0,0,0,0,0,0,0,0,0,0,True
Celik,Difensore,Roma,0.00,0.00,0,0,0,1,0,0,0,0,0,0,0,0,0,True
Pisilli,Centrocampista,Roma,0.00,0.00,0,0,0,0,0,0,0,0,0,0,0,0,0,True
Turati,Portiere,Sassuolo,5.50,3.50,0,0,1,0,0,0,0,0,0,0,0,2,0,True
Doig,Difensore,Sassuolo,5.50,5.25,1,0,2,0,1,0,0,0,0,0,0,0,0,True
Boloca,Centrocampista,Sassuolo,5.75,5.75,1,0,2,0,0,0,0,0,0,0,0,0,0,True
Fadera,Centrocampista,Sassuolo,5.75,5.75,1,0,2,0,0,0,0,0,0,0,0,0,0,True
Volpato,Centrocampista,Sassuolo,6.50,7.50,1,0,1,0,0,0,0,0,1,0,0,0,0,True
Lazaro,Difensore,Torino,5.50,5.25,1,0,2,0,1,0,0,0,0,0,0,0,0,True
Bertola,Difensore,Udinese,6.00,5.50,2,0,2,0,2,0,0,0,0,0,0,0,0,True
Bravo,Attaccante,Udinese,6.00,5.50,1,0,1,0,1,0,0,0,0,0,0,0,0,True
Serdar,Centrocampista,Verona,6.00,7.50,1,0,2,0,0,0,1,0,0,0,0,0,0,True
Piotrowski,Centrocampista,Udinese,5.75,5.75,1,0,2,0,0,0,0,0,0,0,0,0,0,True
Kilicsoy,Attaccante,Cagliari,6.00,5.50,1,0,1,0,1,0,0,0,0,0,0,0,0,True
Candè,Difensore,Sassuolo,5.50,5.50,0,0,1,1,0,0,0,0,0,0,0,0,0,True
Sorensen O.,Centrocampista,Parma,5.75,5.50,1,0,2,0,1,0,0,0,0,0,0,0,0,True
Athekame,Difensore,Milan,0.00,0.00,0,0,0,0,0,0,0,0,0,0,0,0,0,True
Frigan,Attaccante,Parma,0.00,0.00,0,0,0,0,0,0,0,0,0,0,0,0,0,True
Troilo,Difensore,Parma,0.00,0.00,0,0,0,0,0,0,0,0,0,0,0,0,0,True
Diouf,Centrocampista,Inter,0.00,0.00,0,0,0,1,0,0,0,0,0,0,0,0,0,True
Bella-Kotchap,Difensore,Verona,5.00,5.00,0,0,1,0,0,0,0,0,0,0,0,0,0,True
Moumbagna,Attaccante,Cremonese,0.00,0.00,0,0,0,0,0,0,0,0,0,0,0,0,0,True
Lykogiannis,Difensore,Bologna,5.25,5.25,0,0,2,0,0,0,0,0,0,0,0,0,0,True
Borrelli,Attaccante,Cagliari,5.50,5.25,0,0,2,0,1,0,0,0,0,0,0,0,0,True
Floriani Mussolini,Difensore,Cremonese,6.50,6.50,1,0,1,0,0,0,0,0,0,0,0,0,0,True
Pongracic,Difensore,Fiorentina,6.00,5.50,2,0,2,0,2,0,0,0,0,0,0,0,0,True
Parisi,Difensore,Fiorentina,5.50,5.50,0,0,1,0,0,0,0,0,0,0,0,0,0,True
Thorsby,Centrocampista,Genoa,6.00,6.00,1,0,1,1,0,0,0,0,0,0,0,0,0,True
Kostic,Centrocampista,Juventus,6.50,7.50,1,0,1,0,0,0,0,0,1,0,0,0,0,True
Belahyane,Centrocampista,Lazio,6.50,7.50,1,0,1,0,0,0,0,0,1,0,0,0,0,True
Cataldi,Centrocampista,Lazio,5.00,5.00,0,0,1,0,0,0,0,0,0,0,0,0,0,True
Banda,Attaccante,Lecce,5.50,5.00,0,0,1,0,1,0,0,0,0,0,0,0,0,True
Terracciano F.,Difensore,Cremonese,6.50,7.75,2,0,2,0,1,0,1,0,0,0,0,0,0,True
Zerbin,Centrocampista,Cremonese,6.75,7.25,2,0,2,0,0,0,0,0,1,0,0,0,0,True
Circati,Difensore,Parma,5.50,5.50,1,0,2,0,0,0,0,0,0,0,0,0,0,True
Ordonez C.,Centrocampista,Parma,5.50,5.50,0,0,1,1,0,0,0,0,0,0,0,0,0,True
Almqvist,Attaccante,Parma,6.00,6.00,2,0,2,0,0,0,0,0,0,0,0,0,0,True
Caracciolo A.,Difensore,Pisa,6.25,6.25,2,0,2,0,0,0,0,0,0,0,0,0,0,True
Muharemovic,Difensore,Sassuolo,5.25,5.25,0,0,2,0,0,0,0,0,0,0,0,0,0,True
Walukiewicz,Difensore,Sassuolo,5.50,5.50,0,0,2,0,0,0,0,0,0,0,0,0,0,True
Konè I.,Centrocampista,Sassuolo,4.50,3.50,0,0,1,0,0,1,0,0,0,0,0,0,0,True
Tameze,Centrocampista,Torino,5.00,5.00,0,0,1,1,0,0,0,0,0,0,0,0,0,True
Okoye,Portiere,Udinese,0.00,0.00,0,0,0,0,0,0,0,0,0,0,0,0,0,True
Sava,Portiere,Udinese,6.00,4.75,2,0,2,0,1,0,0,0,0,0,0,2,0,True
Ehizibue,Difensore,Udinese,5.75,5.75,1,0,2,0,0,0,0,0,0,0,0,0,0,True
Unai Nunez,Difensore,Verona,5.00,5.00,0,0,2,0,0,0,0,0,0,0,0,0,0,True
Ostigard,Difensore,Genoa,5.50,5.00,0,0,1,0,1,0,0,0,0,0,0,0,0,True
Mazzitelli,Centrocampista,Cagliari,6.00,5.50,1,0,1,0,1,0,0,0,0,0,0,0,0,True
Ramon,Difensore,Como,6.25,6.00,1,0,2,0,1,0,0,0,0,0,0,0,0,True
Heggem,Difensore,Bologna,7.00,7.00,1,0,1,0,0,0,0,0,0,0,0,0,0,True
Diego Carlos,Difensore,Como,0.00,0.00,0,0,0,0,0,0,0,0,0,0,0,0,0,True
Albiol,Difensore,Pisa,0.00,0.00,0,0,0,0,0,0,0,0,0,0,0,0,0,True
Cremaschi,Centrocampista,Parma,0.00,0.00,0,0,0,0,0,0,0,0,0,0,0,0,0,True
Palestra,Difensore,Cagliari,6.50,6.50,1,0,1,0,0,0,0,0,0,0,0,0,0,True
Sulemana I.,Centrocampista,Bologna,0.00,0.00,0,0,0,0,0,0,0,0,0,0,0,0,0,True
Casale,Difensore,Bologna,5.50,5.50,0,0,1,0,0,0,0,0,0,0,0,0,0,True
Posch,Difensore,Como,0.00,0.00,0,0,0,0,0,0,0,0,0,0,0,0,0,True
De Silvestri,Difensore,Bologna,6.00,6.00,1,0,1,0,0,0,0,0,0,0,0,0,0,True
Aebischer,Centrocampista,Pisa,5.75,5.75,1,0,2,0,0,0,0,0,0,0,0,0,0,True
Obert,Difensore,Cagliari,5.75,5.50,1,0,2,0,1,0,0,0,0,0,0,0,0,True
Prati,Centrocampista,Cagliari,6.25,6.25,2,0,2,0,0,0,0,0,0,0,0,0,0,True
Dossena,Difensore,Como,0.00,0.00,0,0,0,0,0,0,0,0,0,0,0,0,0,True
Goldaniga,Difensore,Como,0.00,0.00,0,0,0,0,0,0,0,0,0,0,0,0,0,True
Van Der Brempt,Difensore,Como,6.00,5.75,2,0,2,0,1,0,0,0,0,0,0,0,0,True
Sergi Roberto,Centrocampista,Como,6.00,6.00,1,0,1,1,0,0,0,0,0,0,0,0,0,True
Bianchetti,Difensore,Cremonese,6.25,6.25,2,0,2,0,0,0,0,0,0,0,0,0,0,True
Folino,Difensore,Cremonese,0.00,0.00,0,0,0,0,0,0,0,0,0,0,0,0,0,True
Ceccherini,Difensore,Cremonese,0.00,0.00,0,0,0,1,0,0,0,0,0,0,0,0,0,True
Grassi,Centrocampista,Cremonese,5.25,5.00,0,0,2,0,1,0,0,0,0,0,0,0,0,True
Viti,Difensore,Fiorentina,6.00,6.00,1,0,1,0,0,0,0,0,0,0,0,0,0,True
Richardson,Centrocampista,Fiorentina,0.00,0.00,0,0,0,0,0,0,0,0,0,0,0,0,0,True
Marcandalli,Difensore,Genoa,6.50,6.50,1,0,1,0,0,0,0,0,0,0,0,0,0,True
Norton-Cuffy,Difensore,Genoa,5.75,5.75,1,0,2,0,0,0,0,0,0,0,0,0,0,True
Sabelli,Difensore,Genoa,0.00,0.00,0,0,0,0,0,0,0,0,0,0,0,0,0,True
Darmian,Difensore,Inter,0.00,0.00,0,0,0,0,0,0,0,0,0,0,0,0,0,True
Asllani,Centrocampista,Torino,5.50,5.50,0,0,1,0,0,0,0,0,0,0,0,0,0,True
Zielinski,Centrocampista,Inter,0.00,0.00,0,0,0,2,0,0,0,0,0,0,0,0,0,True
Cabal,Difensore,Juventus,0.00,0.00,0,0,0,0,0,0,0,0,0,0,0,0,0,True
Miretti,Centrocampista,Juventus,0.00,0.00,0,0,0,0,0,0,0,0,0,0,0,0,0,True
Gigot,Difensore,Lazio,0.00,0.00,0,0,0,0,0,0,0,0,0,0,0,0,0,True
Provstgaard,Difensore,Lazio,6.00,6.00,1,0,2,0,0,0,0,0,0,0,0,0,0,True
Patric,Difensore,Lazio,0.00,0.00,0,0,0,0,0,0,0,0,0,0,0,0,0,True
Lazzari,Difensore,Lazio,5.00,5.00,0,0,1,0,0,0,0,0,0,0,0,0,0,True
Pellegrini Lu.,Difensore,Lazio,5.75,5.75,1,0,2,0,0,0,0,0,0,0,0,0,0,True
Cancellieri,Attaccante,Lazio,5.75,5.75,1,0,2,0,0,0,0,0,0,0,0,0,0,True
Kouassi,Difensore,Lecce,6.00,6.00,1,0,1,0,0,0,0,0,0,0,0,0,0,True
NDri,Attaccante,Lecce,0.00,0.00,0,0,0,2,0,0,0,0,0,0,0,0,0,True
Bondo,Centrocampista,Cremonese,6.00,5.75,2,0,2,0,1,0,0,0,0,0,0,0,0,True
Milinkovic-Savic V.,Portiere,Napoli,0.00,0.00,0,0,0,0,0,0,0,0,0,0,0,0,0,True
Juan Jesus,Difensore,Napoli,6.25,6.00,2,0,2,0,1,0,0,0,0,0,0,0,0,True
Valenti,Difensore,Parma,5.75,5.50,1,0,2,0,1,0,0,0,0,0,0,0,0,True
Semper,Portiere,Pisa,6.50,5.50,2,0,2,0,0,0,0,0,0,0,0,2,0,True
Canestrelli,Difensore,Pisa,6.25,6.25,2,0,2,0,0,0,0,0,0,0,0,0,0,True
Mateus Lusuardi,Difensore,Pisa,6.00,6.00,1,0,1,0,0,0,0,0,0,0,0,0,0,True
Calabresi,Difensore,Pisa,6.00,6.00,2,0,2,0,0,0,0,0,0,0,0,0,0,True
Hermoso,Difensore,Roma,6.50,6.50,2,0,2,0,0,0,0,0,0,0,0,0,0,True
Rensch,Difensore,Roma,0.00,0.00,0,0,0,2,0,0,0,0,0,0,0,0,0,True
Romagna,Difensore,Sassuolo,5.00,5.00,0,0,1,0,0,0,0,0,0,0,0,0,0,True
Lipani,Centrocampista,Sassuolo,5.50,5.50,0,0,2,0,0,0,0,0,0,0,0,0,0,True
Pierini,Attaccante,Sassuolo,0.00,0.00,0,0,0,1,0,0,0,0,0,0,0,0,0,True
Pedersen,Difensore,Torino,6.00,6.00,1,0,1,1,0,0,0,0,0,0,0,0,0,True
Gineitis,Centrocampista,Torino,4.75,4.75,0,0,2,0,0,0,0,0,0,0,0,0,0,True
Zemura,Difensore,Udinese,5.75,5.75,1,0,2,0,0,0,0,0,0,0,0,0,0,True
Payero,Centrocampista,Cremonese,6.00,5.75,2,0,2,0,1,0,0,0,0,0,0,0,0,True
Bayo V.,Attaccante,Udinese,5.75,5.75,1,0,2,0,0,0,0,0,0,0,0,0,0,True
Montipò,Portiere,Verona,5.50,3.00,1,0,2,0,0,0,0,0,0,0,0,5,0,True
Ghilardi,Difensore,Roma,0.00,0.00,0,0,0,0,0,0,0,0,0,0,0,0,0,True
Valentini N.,Difensore,Verona,0.00,0.00,0,0,0,0,0,0,0,0,0,0,0,0,0,True
Ebosse,Difensore,Verona,5.50,5.25,1,0,2,0,1,0,0,0,0,0,0,0,0,True
Bernede,Centrocampista,Verona,5.50,5.50,0,0,2,0,0,0,0,0,0,0,0,0,0,True
Kastanos,Centrocampista,Verona,0.00,0.00,0,0,0,0,0,0,0,0,0,0,0,0,0,True
Bradaric,Difensore,Verona,5.50,5.50,1,0,2,0,0,0,0,0,0,0,0,0,0,True
Ndiaye,Difensore,Parma,0.00,0.00,0,0,0,0,0,0,0,0,0,0,0,0,0,True
Goglichidze,Difensore,Udinese,6.00,6.00,1,0,1,0,0,0,0,0,0,0,0,0,0,True
Belghali,Difensore,Verona,5.75,5.50,1,0,2,0,1,0,0,0,0,0,0,0,0,True
Cheddira,Attaccante,Sassuolo,0.00,0.00,0,0,0,0,0,0,0,0,0,0,0,0,0,True
Nelsson,Difensore,Verona,4.75,4.75,0,0,2,0,0,0,0,0,0,0,0,0,0,True
Siebert,Difensore,Lecce,0.00,0.00,0,0,0,0,0,0,0,0,0,0,0,0,0,True
Vranckx,Centrocampista,Sassuolo,5.50,5.50,0,0,1,0,0,0,0,0,0,0,0,0,0,True
Matic,Centrocampista,Sassuolo,5.00,5.00,0,0,1,0,0,0,0,0,0,0,0,0,0,True
Al-Musrati,Centrocampista,Verona,5.50,5.50,0,0,1,0,0,0,0,0,0,0,0,0,0,True
Tsimikas,Difensore,Roma,0.00,0.00,0,0,0,0,0,0,0,0,0,0,0,0,0,True
Lamptey,Difensore,Fiorentina,0.00,0.00,0,0,0,0,0,0,0,0,0,0,0,0,0,True
Faye,Difensore,Cremonese,0.00,0.00,0,0,0,0,0,0,0,0,0,0,0,0,0,True
Sarmiento J.,Centrocampista,Cremonese,0.00,0.00,0,0,0,0,0,0,0,0,0,0,0,0,0,True
Zè Pedro,Difensore,Cagliari,0.00,0.00,0,0,0,0,0,0,0,0,0,0,0,0,0,True
Ravaglia F.,Portiere,Bologna,0.00,0.00,0,0,0,0,0,0,0,0,0,0,0,0,0,True
Moro N.,Centrocampista,Bologna,5.50,5.50,0,0,1,0,0,0,0,0,0,0,0,0,0,True
Idrissi R.,Difensore,Cagliari,6.00,6.00,1,0,1,1,0,0,0,0,0,0,0,0,0,True
Moreno Alb.,Difensore,Como,0.00,0.00,0,0,0,0,0,0,0,0,0,0,0,0,0,True
Barbieri,Difensore,Cremonese,0.00,0.00,0,0,0,0,0,0,0,0,0,0,0,0,0,True
Bonazzoli,Attaccante,Cremonese,7.50,10.50,1,1,1,0,0,0,1,0,0,0,0,0,0,True
Fortini,Difensore,Fiorentina,0.00,0.00,0,0,0,0,0,0,0,0,0,0,0,0,0,True
Venturino,Centrocampista,Genoa,0.00,0.00,0,0,0,0,0,0,0,0,0,0,0,0,0,True
Rugani,Difensore,Juventus,0.00,0.00,0,0,0,0,0,0,0,0,0,0,0,0,0,True
Mandas,Portiere,Lazio,0.00,0.00,0,0,0,0,0,0,0,0,0,0,0,0,0,True
Hysaj,Difensore,Lazio,0.00,0.00,0,0,0,1,0,0,0,0,0,0,0,0,0,True
Jean,Difensore,Lecce,0.00,0.00,0,0,0,0,0,0,0,0,0,0,0,0,0,True
Berisha M.,Centrocampista,Lecce,5.50,5.50,0,0,2,0,0,0,0,0,0,0,0,0,0,True
Rafia,Centrocampista,Lecce,0.00,0.00,0,0,0,0,0,0,0,0,0,0,0,0,0,True
Bartesaghi,Difensore,Milan,0.00,0.00,0,0,0,0,0,0,0,0,0,0,0,0,0,True
Marianucci,Difensore,Napoli,0.00,0.00,0,0,0,0,0,0,0,0,0,0,0,0,0,True
Zanoli,Difensore,Udinese,0.00,0.00,0,0,0,0,0,0,0,0,0,0,0,0,0,True
Mazzocchi,Difensore,Napoli,0.00,0.00,0,0,0,0,0,0,0,0,0,0,0,0,0,True
Lovik,Difensore,Parma,5.75,5.75,1,0,2,0,0,0,0,0,0,0,0,0,0,True
Scuffet,Portiere,Pisa,0.00,0.00,0,0,0,0,0,0,0,0,0,0,0,0,0,True
Vural,Centrocampista,Pisa,0.00,0.00,0,0,0,0,0,0,0,0,0,0,0,0,0,True
Akinsanmiro,Centrocampista,Pisa,6.00,6.00,1,0,1,0,0,0,0,0,0,0,0,0,0,True
Odenthal,Difensore,Sassuolo,0.00,0.00,0,0,0,0,0,0,0,0,0,0,0,0,0,True
Schuurs,Difensore,Torino,0.00,0.00,0,0,0,0,0,0,0,0,0,0,0,0,0,True
Kabasele,Difensore,Udinese,0.00,0.00,0,0,0,0,0,0,0,0,0,0,0,0,0,True
Rui Modesto,Difensore,Udinese,0.00,0.00,0,0,0,1,0,0,0,0,0,0,0,0,0,True
Zarraga,Centrocampista,Udinese,6.00,5.75,2,0,2,0,1,0,0,0,0,0,0,0,0,True
Frese,Difensore,Verona,5.25,5.25,0,0,2,0,0,0,0,0,0,0,0,0,0,True
Niasse,Centrocampista,Verona,5.50,5.50,0,0,1,0,0,0,0,0,0,0,0,0,0,True
Giovane,Attaccante,Verona,6.50,7.00,2,1,2,0,0,0,0,0,1,0,0,0,0,True
Miller L.,Centrocampista,Udinese,0.00,0.00,0,0,0,0,0,0,0,0,0,0,0,0,0,True
Muric,Portiere,Sassuolo,6.50,3.50,1,0,1,0,0,0,0,0,0,0,0,3,0,True
Sala A.,Centrocampista,Lecce,0.00,0.00,0,0,0,0,0,0,0,0,0,0,0,0,0,True
Ziolkowski,Difensore,Roma,0.00,0.00,0,0,0,0,0,0,0,0,0,0,0,0,0,True
Nkounkou,Difensore,Torino,0.00,0.00,0,0,0,0,0,0,0,0,0,0,0,0,0,True
Coulibaly W.,Difensore,Sassuolo,0.00,0.00,0,0,0,0,0,0,0,0,0,0,0,0,0,True
Bonfanti,Difensore,Pisa,0.00,0.00,0,0,0,0,0,0,0,0,0,0,0,0,0,True
Di Pardo,Difensore,Cagliari,0.00,0.00,0,0,0,1,0,0,0,0,0,0,0,0,0,True
Smolcic I.,Difensore,Como,5.75,5.50,1,0,2,0,1,0,0,0,0,0,0,0,0,True
Ndour,Centrocampista,Fiorentina,5.50,5.50,0,0,2,0,0,0,0,0,0,0,0,0,0,True
Sabiri,Centrocampista,Fiorentina,0.00,0.00,0,0,0,0,0,0,0,0,0,0,0,0,0,True
Otoa,Difensore,Genoa,0.00,0.00,0,0,0,0,0,0,0,0,0,0,0,0,0,True
Ekuban,Attaccante,Genoa,6.00,6.00,1,0,1,0,0,0,0,0,0,0,0,0,0,True
Martinez Jo.,Portiere,Inter,0.00,0.00,0,0,0,0,0,0,0,0,0,0,0,0,0,True
Tiago Gabriel,Difensore,Lecce,6.00,6.00,1,0,2,0,0,0,0,0,0,0,0,0,0,True
Veiga D.,Difensore,Lecce,5.50,5.25,1,0,2,0,1,0,0,0,0,0,0,0,0,True
Kaba,Centrocampista,Lecce,6.00,6.00,2,0,2,0,0,0,0,0,0,0,0,0,0,True
Estevez,Centrocampista,Parma,0.00,0.00,0,0,0,1,0,0,0,0,0,0,0,0,0,True
Leris,Centrocampista,Pisa,0.00,0.00,0,0,0,1,0,0,0,0,0,0,0,0,0,True
Meister,Attaccante,Pisa,5.50,5.25,1,0,2,0,1,0,0,0,0,0,0,0,0,True
Pieragnolo,Difensore,Sassuolo,0.00,0.00,0,0,0,0,0,0,0,0,0,0,0,0,0,True
Masina,Difensore,Torino,4.50,4.50,0,0,1,0,0,0,0,0,0,0,0,0,0,True
Slotsager,Difensore,Verona,0.00,0.00,0,0,0,0,0,0,0,0,0,0,0,0,0,True
Oyegoke,Difensore,Verona,0.00,0.00,0,0,0,1,0,0,0,0,0,0,0,0,0,True
Santiago,Centrocampista,Verona,0.00,0.00,0,0,0,0,0,0,0,0,0,0,0,0,0,True
Denoon,Difensore,Pisa,5.50,5.50,0,0,1,0,0,0,0,0,0,0,0,0,0,True
Cham,Difensore,Verona,5.75,5.75,1,0,2,0,0,0,0,0,0,0,0,0,0,True
Onana J.,Centrocampista,Genoa,0.00,0.00,0,0,0,0,0,0,0,0,0,0,0,0,0,True
Odogu,Difensore,Milan,0.00,0.00,0,0,0,0,0,0,0,0,0,0,0,0,0,True
Rossi F.,Portiere,Atalanta,0.00,0.00,0,0,0,0,0,0,0,0,0,0,0,0,0,True
Sportiello,Portiere,Atalanta,0.00,0.00,0,0,0,0,0,0,0,0,0,0,0,0,0,True
Pessina Mas.,Portiere,Bologna,0.00,0.00,0,0,0,0,0,0,0,0,0,0,0,0,0,True
Ciocci,Portiere,Cagliari,0.00,0.00,0,0,0,0,0,0,0,0,0,0,0,0,0,True
Radunovic,Portiere,Cagliari,0.00,0.00,0,0,0,0,0,0,0,0,0,0,0,0,0,True
Liteta,Centrocampista,Cagliari,0.00,0.00,0,0,0,0,0,0,0,0,0,0,0,0,0,True
Pavoletti,Attaccante,Cagliari,0.00,0.00,0,0,0,0,0,0,0,0,0,0,0,0,0,True
Vigorito,Portiere,Como,0.00,0.00,0,0,0,0,0,0,0,0,0,0,0,0,0,True
Nava,Portiere,Cremonese,0.00,0.00,0,0,0,0,0,0,0,0,0,0,0,0,0,True
Sernicola,Difensore,Cremonese,0.00,0.00,0,0,0,0,0,0,0,0,0,0,0,0,0,True
Martinelli T.,Portiere,Fiorentina,0.00,0.00,0,0,0,0,0,0,0,0,0,0,0,0,0,True
Siegrist,Portiere,Genoa,0.00,0.00,0,0,0,0,0,0,0,0,0,0,0,0,0,True
Sommariva,Portiere,Genoa,0.00,0.00,0,0,0,0,0,0,0,0,0,0,0,0,0,True
Ekhator,Attaccante,Genoa,5.50,5.00,0,0,1,1,1,0,0,0,0,0,0,0,0,True
Di Gennaro,Portiere,Inter,0.00,0.00,0,0,0,0,0,0,0,0,0,0,0,0,0,True
Perin,Portiere,Juventus,0.00,0.00,0,0,0,0,0,0,0,0,0,0,0,0,0,True
Pinsoglio,Portiere,Juventus,0.00,0.00,0,0,0,0,0,0,0,0,0,0,0,0,0,True
Rouhi,Difensore,Juventus,0.00,0.00,0,0,0,0,0,0,0,0,0,0,0,0,0,True
Milik,Attaccante,Juventus,0.00,0.00,0,0,0,0,0,0,0,0,0,0,0,0,0,True
Furlanetto,Portiere,Lazio,0.00,0.00,0,0,0,0,0,0,0,0,0,0,0,0,0,True
Basic,Centrocampista,Lazio,0.00,0.00,0,0,0,0,0,0,0,0,0,0,0,0,0,True
Fruchtl,Portiere,Lecce,0.00,0.00,0,0,0,0,0,0,0,0,0,0,0,0,0,True
Samooja,Portiere,Lecce,0.00,0.00,0,0,0,0,0,0,0,0,0,0,0,0,0,True
Perez M.,Difensore,Lecce,0.00,0.00,0,0,0,0,0,0,0,0,0,0,0,0,0,True
Ndaba,Difensore,Lecce,0.00,0.00,0,0,0,0,0,0,0,0,0,0,0,0,0,True
Marchwinski,Centrocampista,Lecce,0.00,0.00,0,0,0,0,0,0,0,0,0,0,0,0,0,True
Terracciano,Portiere,Milan,0.00,0.00,0,0,0,0,0,0,0,0,0,0,0,0,0,True
Torriani,Portiere,Milan,0.00,0.00,0,0,0,0,0,0,0,0,0,0,0,0,0,True
Contini,Portiere,Napoli,0.00,0.00,0,0,0,0,0,0,0,0,0,0,0,0,0,True
Corvi,Portiere,Parma,0.00,0.00,0,0,0,0,0,0,0,0,0,0,0,0,0,True
Rinaldi,Portiere,Parma,0.00,0.00,0,0,0,0,0,0,0,0,0,0,0,0,0,True
Benedyczak,Attaccante,Parma,0.00,0.00,0,0,0,1,0,0,0,0,0,0,0,0,0,True
Nicolas,Portiere,Pisa,0.00,0.00,0,0,0,0,0,0,0,0,0,0,0,0,0,True
Coppola F.,Difensore,Pisa,0.00,0.00,0,0,0,0,0,0,0,0,0,0,0,0,0,True
Mbambi,Difensore,Pisa,0.00,0.00,0,0,0,0,0,0,0,0,0,0,0,0,0,True
Esteves T.,Difensore,Pisa,0.00,0.00,0,0,0,0,0,0,0,0,0,0,0,0,0,True
Hojholt,Centrocampista,Pisa,0.00,0.00,0,0,0,0,0,0,0,0,0,0,0,0,0,True
Buffon L.,Attaccante,Pisa,0.00,0.00,0,0,0,0,0,0,0,0,0,0,0,0,0,True
Zelezny,Portiere,Roma,0.00,0.00,0,0,0,0,0,0,0,0,0,0,0,0,0,True
Gollini,Portiere,Roma,0.00,0.00,0,0,0,0,0,0,0,0,0,0,0,0,0,True
Satalino,Portiere,Sassuolo,0.00,0.00,0,0,0,0,0,0,0,0,0,0,0,0,0,True
Paz Y.,Difensore,Sassuolo,0.00,0.00,0,0,0,0,0,0,0,0,0,0,0,0,0,True
Iannoni,Centrocampista,Sassuolo,6.00,5.50,1,0,1,0,1,0,0,0,0,0,0,0,0,True
Moro L.,Attaccante,Sassuolo,0.00,0.00,0,0,0,1,0,0,0,0,0,0,0,0,0,True
Skjellerup,Attaccante,Sassuolo,0.00,0.00,0,0,0,0,0,0,0,0,0,0,0,0,0,True
Paleari,Portiere,Torino,0.00,0.00,0,0,0,0,0,0,0,0,0,0,0,0,0,True
Popa,Portiere,Torino,0.00,0.00,0,0,0,0,0,0,0,0,0,0,0,0,0,True
Dembelè A.,Difensore,Torino,0.00,0.00,0,0,0,0,0,0,0,0,0,0,0,0,0,True
Njie,Attaccante,Torino,0.00,0.00,0,0,0,0,0,0,0,0,0,0,0,0,0,True
Padelli,Portiere,Udinese,0.00,0.00,0,0,0,0,0,0,0,0,0,0,0,0,0,True
Palma,Difensore,Udinese,0.00,0.00,0,0,0,0,0,0,0,0,0,0,0,0,0,True
Perilli,Portiere,Verona,0.00,0.00,0,0,0,0,0,0,0,0,0,0,0,0,0,True
Vasquez D.,Portiere,Roma,0.00,0.00,0,0,0,0,0,0,0,0,0,0,0,0,0,True
Nunziante,Portiere,Udinese,0.00,0.00,0,0,0,0,0,0,0,0,0,0,0,0,0,True
Lezzerini,Portiere,Fiorentina,0.00,0.00,0,0,0,0,0,0,0,0,0,0,0,0,0,True
Silvestri,Portiere,Cremonese,0.00,0.00,0,0,0,0,0,0,0,0,0,0,0,0,0,True
Rog,Centrocampista,Cagliari,0.00,0.00,0,0,0,0,0,0,0,0,0,0,0,0,0,True
Adzic,Centrocampista,Juventus,0.00,0.00,0,0,0,0,0,0,0,0,0,0,0,0,0,True
Ilkhan,Centrocampista,Torino,5.00,5.00,0,0,1,0,0,0,0,0,0,0,0,0,0,True
Cuenca H.,Centrocampista,Genoa,0.00,0.00,0,0,0,0,0,0,0,0,0,0,0,0,0,True
Vergara,Centrocampista,Napoli,0.00,0.00,0,0,0,1,0,0,0,0,0,0,0,0,0,True
Toniolo,Portiere,Verona,0.00,0.00,0,0,0,0,0,0,0,0,0,0,0,0,0,True
Kouadio,Difensore,Fiorentina,6.00,6.00,1,0,1,0,0,0,0,0,0,0,0,0,0,True
Britschgi,Difensore,Parma,0.00,0.00,0,0,0,0,0,0,0,0,0,0,0,0,0,True
Cavlina,Portiere,Como,0.00,0.00,0,0,0,0,0,0,0,0,0,0,0,0,0,True
Balentien,Attaccante,Milan,0.00,0.00,0,0,0,1,0,0,0,0,0,0,0,0,0,True
Ambrosino,Attaccante,Napoli,6.00,6.00,1,0,1,0,0,0,0,0,0,0,0,0,0,True
Rodriguez Ju.,Difensore,Cagliari,0.00,0.00,0,0,0,0,0,0,0,0,0,0,0,0,0,True
Gueye,Attaccante,Udinese,0.00,0.00,0,0,0,0,0,0,0,0,0,0,0,0,0,True
Akpa Akpro,Centrocampista,Verona,0.00,0.00,0,0,0,0,0,0,0,0,0,0,0,0,0,True
Palacios T.,Difensore,Inter,0.00,0.00,0,0,0,0,0,0,0,0,0,0,0,0,0,True
Arena A.,Attaccante,Roma,0.00,0.00,0,0,0,0,0,0,0,0,0,0,0,0,0,True
Ilic M.,Difensore,Bologna,0.00,0.00,0,0,0,0,0,0,0,0,0,0,0,0,0,False
